--
-- PostgreSQL database dump
--

-- Dumped from database version 16.8 (Debian 16.8-1.pgdg120+1)
-- Dumped by pg_dump version 16.9 (Homebrew)

SET statement_timeout = 0;
SET lock_timeout = 0;
SET idle_in_transaction_session_timeout = 0;
SET client_encoding = 'UTF8';
SET standard_conforming_strings = on;
SELECT pg_catalog.set_config('search_path', '', false);
SET check_function_bodies = false;
SET xmloption = content;
SET client_min_messages = warning;
SET row_security = off;

--
-- Name: pg_stat_statements; Type: EXTENSION; Schema: -; Owner: -
--

CREATE EXTENSION IF NOT EXISTS pg_stat_statements WITH SCHEMA public;


--
-- Name: EXTENSION pg_stat_statements; Type: COMMENT; Schema: -; Owner: 
--

COMMENT ON EXTENSION pg_stat_statements IS 'track planning and execution statistics of all SQL statements executed';


SET default_tablespace = '';

SET default_table_access_method = heap;

--
-- Name: academy_training; Type: TABLE; Schema: public; Owner: postgres
--

CREATE TABLE public.academy_training (
    id bigint NOT NULL,
    title character varying(100) NOT NULL,
    texts text NOT NULL,
    pdf_document character varying(100),
    video_url character varying(200),
    client_id integer,
    job_id bigint NOT NULL,
    slug character varying(50)
);


ALTER TABLE public.academy_training OWNER TO postgres;

--
-- Name: academy_training_id_seq; Type: SEQUENCE; Schema: public; Owner: postgres
--

ALTER TABLE public.academy_training ALTER COLUMN id ADD GENERATED BY DEFAULT AS IDENTITY (
    SEQUENCE NAME public.academy_training_id_seq
    START WITH 1
    INCREMENT BY 1
    NO MINVALUE
    NO MAXVALUE
    CACHE 1
);


--
-- Name: accounts_clientprofile; Type: TABLE; Schema: public; Owner: postgres
--

CREATE TABLE public.accounts_clientprofile (
    id bigint NOT NULL,
    company_name character varying(200) NOT NULL,
    company_website character varying(200),
    industry character varying(100) NOT NULL,
    profile_id bigint NOT NULL,
    preferred_freelancer_level character varying(50) NOT NULL,
    project_budget numeric(10,2) NOT NULL
);


ALTER TABLE public.accounts_clientprofile OWNER TO postgres;

--
-- Name: accounts_clientprofile_id_seq; Type: SEQUENCE; Schema: public; Owner: postgres
--

ALTER TABLE public.accounts_clientprofile ALTER COLUMN id ADD GENERATED BY DEFAULT AS IDENTITY (
    SEQUENCE NAME public.accounts_clientprofile_id_seq
    START WITH 1
    INCREMENT BY 1
    NO MINVALUE
    NO MAXVALUE
    CACHE 1
);


--
-- Name: accounts_clientprofile_languages; Type: TABLE; Schema: public; Owner: postgres
--

CREATE TABLE public.accounts_clientprofile_languages (
    id bigint NOT NULL,
    clientprofile_id bigint NOT NULL,
    language_id bigint NOT NULL
);


ALTER TABLE public.accounts_clientprofile_languages OWNER TO postgres;

--
-- Name: accounts_clientprofile_languages_id_seq; Type: SEQUENCE; Schema: public; Owner: postgres
--

ALTER TABLE public.accounts_clientprofile_languages ALTER COLUMN id ADD GENERATED BY DEFAULT AS IDENTITY (
    SEQUENCE NAME public.accounts_clientprofile_languages_id_seq
    START WITH 1
    INCREMENT BY 1
    NO MINVALUE
    NO MAXVALUE
    CACHE 1
);


--
-- Name: accounts_freelancerprofile; Type: TABLE; Schema: public; Owner: postgres
--

CREATE TABLE public.accounts_freelancerprofile (
    id bigint NOT NULL,
    portfolio_link character varying(200),
    experience_years integer NOT NULL,
    hourly_rate numeric(10,2) NOT NULL,
    availability character varying(50) NOT NULL,
    profile_id bigint NOT NULL,
    CONSTRAINT accounts_freelancerprofile_experience_years_check CHECK ((experience_years >= 0))
);


ALTER TABLE public.accounts_freelancerprofile OWNER TO postgres;

--
-- Name: accounts_freelancerprofile_id_seq; Type: SEQUENCE; Schema: public; Owner: postgres
--

ALTER TABLE public.accounts_freelancerprofile ALTER COLUMN id ADD GENERATED BY DEFAULT AS IDENTITY (
    SEQUENCE NAME public.accounts_freelancerprofile_id_seq
    START WITH 1
    INCREMENT BY 1
    NO MINVALUE
    NO MAXVALUE
    CACHE 1
);


--
-- Name: accounts_freelancerprofile_languages; Type: TABLE; Schema: public; Owner: postgres
--

CREATE TABLE public.accounts_freelancerprofile_languages (
    id bigint NOT NULL,
    freelancerprofile_id bigint NOT NULL,
    language_id bigint NOT NULL
);


ALTER TABLE public.accounts_freelancerprofile_languages OWNER TO postgres;

--
-- Name: accounts_freelancerprofile_languages_id_seq; Type: SEQUENCE; Schema: public; Owner: postgres
--

ALTER TABLE public.accounts_freelancerprofile_languages ALTER COLUMN id ADD GENERATED BY DEFAULT AS IDENTITY (
    SEQUENCE NAME public.accounts_freelancerprofile_languages_id_seq
    START WITH 1
    INCREMENT BY 1
    NO MINVALUE
    NO MAXVALUE
    CACHE 1
);


--
-- Name: accounts_freelancerprofile_skills; Type: TABLE; Schema: public; Owner: postgres
--

CREATE TABLE public.accounts_freelancerprofile_skills (
    id bigint NOT NULL,
    freelancerprofile_id bigint NOT NULL,
    skill_id bigint NOT NULL
);


ALTER TABLE public.accounts_freelancerprofile_skills OWNER TO postgres;

--
-- Name: accounts_freelancerprofile_skills_id_seq; Type: SEQUENCE; Schema: public; Owner: postgres
--

ALTER TABLE public.accounts_freelancerprofile_skills ALTER COLUMN id ADD GENERATED BY DEFAULT AS IDENTITY (
    SEQUENCE NAME public.accounts_freelancerprofile_skills_id_seq
    START WITH 1
    INCREMENT BY 1
    NO MINVALUE
    NO MAXVALUE
    CACHE 1
);


--
-- Name: accounts_language; Type: TABLE; Schema: public; Owner: postgres
--

CREATE TABLE public.accounts_language (
    id bigint NOT NULL,
    name character varying(100) NOT NULL
);


ALTER TABLE public.accounts_language OWNER TO postgres;

--
-- Name: accounts_language_id_seq; Type: SEQUENCE; Schema: public; Owner: postgres
--

ALTER TABLE public.accounts_language ALTER COLUMN id ADD GENERATED BY DEFAULT AS IDENTITY (
    SEQUENCE NAME public.accounts_language_id_seq
    START WITH 1
    INCREMENT BY 1
    NO MINVALUE
    NO MAXVALUE
    CACHE 1
);


--
-- Name: accounts_profile; Type: TABLE; Schema: public; Owner: postgres
--

CREATE TABLE public.accounts_profile (
    id bigint NOT NULL,
    date_modified timestamp with time zone NOT NULL,
    phone character varying(20) NOT NULL,
    location character varying(200) NOT NULL,
    bio text NOT NULL,
    profile_pic character varying(100),
    pay_id character varying(20) NOT NULL,
    pay_id_no character varying(20) NOT NULL,
    id_card character varying(10) NOT NULL,
    user_type character varying(20) NOT NULL,
    user_id integer NOT NULL,
    device character varying(100) NOT NULL
);


ALTER TABLE public.accounts_profile OWNER TO postgres;

--
-- Name: accounts_profile_id_seq; Type: SEQUENCE; Schema: public; Owner: postgres
--

ALTER TABLE public.accounts_profile ALTER COLUMN id ADD GENERATED BY DEFAULT AS IDENTITY (
    SEQUENCE NAME public.accounts_profile_id_seq
    START WITH 1
    INCREMENT BY 1
    NO MINVALUE
    NO MAXVALUE
    CACHE 1
);


--
-- Name: accounts_skill; Type: TABLE; Schema: public; Owner: postgres
--

CREATE TABLE public.accounts_skill (
    id bigint NOT NULL,
    name character varying(100) NOT NULL
);


ALTER TABLE public.accounts_skill OWNER TO postgres;

--
-- Name: accounts_skill_id_seq; Type: SEQUENCE; Schema: public; Owner: postgres
--

ALTER TABLE public.accounts_skill ALTER COLUMN id ADD GENERATED BY DEFAULT AS IDENTITY (
    SEQUENCE NAME public.accounts_skill_id_seq
    START WITH 1
    INCREMENT BY 1
    NO MINVALUE
    NO MAXVALUE
    CACHE 1
);


--
-- Name: auth_group; Type: TABLE; Schema: public; Owner: postgres
--

CREATE TABLE public.auth_group (
    id integer NOT NULL,
    name character varying(150) NOT NULL
);


ALTER TABLE public.auth_group OWNER TO postgres;

--
-- Name: auth_group_id_seq; Type: SEQUENCE; Schema: public; Owner: postgres
--

ALTER TABLE public.auth_group ALTER COLUMN id ADD GENERATED BY DEFAULT AS IDENTITY (
    SEQUENCE NAME public.auth_group_id_seq
    START WITH 1
    INCREMENT BY 1
    NO MINVALUE
    NO MAXVALUE
    CACHE 1
);


--
-- Name: auth_group_permissions; Type: TABLE; Schema: public; Owner: postgres
--

CREATE TABLE public.auth_group_permissions (
    id bigint NOT NULL,
    group_id integer NOT NULL,
    permission_id integer NOT NULL
);


ALTER TABLE public.auth_group_permissions OWNER TO postgres;

--
-- Name: auth_group_permissions_id_seq; Type: SEQUENCE; Schema: public; Owner: postgres
--

ALTER TABLE public.auth_group_permissions ALTER COLUMN id ADD GENERATED BY DEFAULT AS IDENTITY (
    SEQUENCE NAME public.auth_group_permissions_id_seq
    START WITH 1
    INCREMENT BY 1
    NO MINVALUE
    NO MAXVALUE
    CACHE 1
);


--
-- Name: auth_permission; Type: TABLE; Schema: public; Owner: postgres
--

CREATE TABLE public.auth_permission (
    id integer NOT NULL,
    name character varying(255) NOT NULL,
    content_type_id integer NOT NULL,
    codename character varying(100) NOT NULL
);


ALTER TABLE public.auth_permission OWNER TO postgres;

--
-- Name: auth_permission_id_seq; Type: SEQUENCE; Schema: public; Owner: postgres
--

ALTER TABLE public.auth_permission ALTER COLUMN id ADD GENERATED BY DEFAULT AS IDENTITY (
    SEQUENCE NAME public.auth_permission_id_seq
    START WITH 1
    INCREMENT BY 1
    NO MINVALUE
    NO MAXVALUE
    CACHE 1
);


--
-- Name: auth_user; Type: TABLE; Schema: public; Owner: postgres
--

CREATE TABLE public.auth_user (
    id integer NOT NULL,
    password character varying(128) NOT NULL,
    last_login timestamp with time zone,
    is_superuser boolean NOT NULL,
    username character varying(150) NOT NULL,
    first_name character varying(150) NOT NULL,
    last_name character varying(150) NOT NULL,
    email character varying(254) NOT NULL,
    is_staff boolean NOT NULL,
    is_active boolean NOT NULL,
    date_joined timestamp with time zone NOT NULL
);


ALTER TABLE public.auth_user OWNER TO postgres;

--
-- Name: auth_user_groups; Type: TABLE; Schema: public; Owner: postgres
--

CREATE TABLE public.auth_user_groups (
    id bigint NOT NULL,
    user_id integer NOT NULL,
    group_id integer NOT NULL
);


ALTER TABLE public.auth_user_groups OWNER TO postgres;

--
-- Name: auth_user_groups_id_seq; Type: SEQUENCE; Schema: public; Owner: postgres
--

ALTER TABLE public.auth_user_groups ALTER COLUMN id ADD GENERATED BY DEFAULT AS IDENTITY (
    SEQUENCE NAME public.auth_user_groups_id_seq
    START WITH 1
    INCREMENT BY 1
    NO MINVALUE
    NO MAXVALUE
    CACHE 1
);


--
-- Name: auth_user_id_seq; Type: SEQUENCE; Schema: public; Owner: postgres
--

ALTER TABLE public.auth_user ALTER COLUMN id ADD GENERATED BY DEFAULT AS IDENTITY (
    SEQUENCE NAME public.auth_user_id_seq
    START WITH 1
    INCREMENT BY 1
    NO MINVALUE
    NO MAXVALUE
    CACHE 1
);


--
-- Name: auth_user_user_permissions; Type: TABLE; Schema: public; Owner: postgres
--

CREATE TABLE public.auth_user_user_permissions (
    id bigint NOT NULL,
    user_id integer NOT NULL,
    permission_id integer NOT NULL
);


ALTER TABLE public.auth_user_user_permissions OWNER TO postgres;

--
-- Name: auth_user_user_permissions_id_seq; Type: SEQUENCE; Schema: public; Owner: postgres
--

ALTER TABLE public.auth_user_user_permissions ALTER COLUMN id ADD GENERATED BY DEFAULT AS IDENTITY (
    SEQUENCE NAME public.auth_user_user_permissions_id_seq
    START WITH 1
    INCREMENT BY 1
    NO MINVALUE
    NO MAXVALUE
    CACHE 1
);


--
-- Name: core_chat; Type: TABLE; Schema: public; Owner: postgres
--

CREATE TABLE public.core_chat (
    id bigint NOT NULL,
    created_at timestamp with time zone NOT NULL,
    client_id bigint NOT NULL,
    freelancer_id bigint NOT NULL,
    job_id bigint NOT NULL,
    slug character varying(50)
);


ALTER TABLE public.core_chat OWNER TO postgres;

--
-- Name: core_chat_id_seq; Type: SEQUENCE; Schema: public; Owner: postgres
--

ALTER TABLE public.core_chat ALTER COLUMN id ADD GENERATED BY DEFAULT AS IDENTITY (
    SEQUENCE NAME public.core_chat_id_seq
    START WITH 1
    INCREMENT BY 1
    NO MINVALUE
    NO MAXVALUE
    CACHE 1
);


--
-- Name: core_job; Type: TABLE; Schema: public; Owner: postgres
--

CREATE TABLE public.core_job (
    id bigint NOT NULL,
    title character varying(100) NOT NULL,
    category character varying(20) NOT NULL,
    description text NOT NULL,
    price numeric(10,2) NOT NULL,
    posted_date date NOT NULL,
    deadline_date date NOT NULL,
    status character varying(20) NOT NULL,
    max_freelancers integer NOT NULL,
    client_id bigint NOT NULL,
    preferred_freelancer_level character varying(50) NOT NULL,
    payment_verified boolean NOT NULL,
    selected_freelancer_id integer,
    slug character varying(50)
);


ALTER TABLE public.core_job OWNER TO postgres;

--
-- Name: core_job_id_seq; Type: SEQUENCE; Schema: public; Owner: postgres
--

ALTER TABLE public.core_job ALTER COLUMN id ADD GENERATED BY DEFAULT AS IDENTITY (
    SEQUENCE NAME public.core_job_id_seq
    START WITH 1
    INCREMENT BY 1
    NO MINVALUE
    NO MAXVALUE
    CACHE 1
);


--
-- Name: core_jobassignment; Type: TABLE; Schema: public; Owner: postgres
--

CREATE TABLE public.core_jobassignment (
    id bigint NOT NULL,
    assigned_at timestamp with time zone NOT NULL,
    status character varying(20) NOT NULL,
    freelancer_id bigint NOT NULL,
    job_id bigint NOT NULL
);


ALTER TABLE public.core_jobassignment OWNER TO postgres;

--
-- Name: core_jobassignment_id_seq; Type: SEQUENCE; Schema: public; Owner: postgres
--

ALTER TABLE public.core_jobassignment ALTER COLUMN id ADD GENERATED BY DEFAULT AS IDENTITY (
    SEQUENCE NAME public.core_jobassignment_id_seq
    START WITH 1
    INCREMENT BY 1
    NO MINVALUE
    NO MAXVALUE
    CACHE 1
);


--
-- Name: core_message; Type: TABLE; Schema: public; Owner: postgres
--

CREATE TABLE public.core_message (
    id bigint NOT NULL,
    content text NOT NULL,
    "timestamp" timestamp with time zone NOT NULL,
    chat_id bigint NOT NULL,
    sender_id integer NOT NULL
);


ALTER TABLE public.core_message OWNER TO postgres;

--
-- Name: core_message_id_seq; Type: SEQUENCE; Schema: public; Owner: postgres
--

ALTER TABLE public.core_message ALTER COLUMN id ADD GENERATED BY DEFAULT AS IDENTITY (
    SEQUENCE NAME public.core_message_id_seq
    START WITH 1
    INCREMENT BY 1
    NO MINVALUE
    NO MAXVALUE
    CACHE 1
);


--
-- Name: core_messageattachment; Type: TABLE; Schema: public; Owner: postgres
--

CREATE TABLE public.core_messageattachment (
    id bigint NOT NULL,
    file character varying(100) NOT NULL,
    filename character varying(255) NOT NULL,
    uploaded_at timestamp with time zone NOT NULL,
    file_size integer NOT NULL,
    content_type character varying(100) NOT NULL,
    message_id bigint NOT NULL
);


ALTER TABLE public.core_messageattachment OWNER TO postgres;

--
-- Name: core_messageattachment_id_seq; Type: SEQUENCE; Schema: public; Owner: postgres
--

ALTER TABLE public.core_messageattachment ALTER COLUMN id ADD GENERATED BY DEFAULT AS IDENTITY (
    SEQUENCE NAME public.core_messageattachment_id_seq
    START WITH 1
    INCREMENT BY 1
    NO MINVALUE
    NO MAXVALUE
    CACHE 1
);


--
-- Name: core_response; Type: TABLE; Schema: public; Owner: postgres
--

CREATE TABLE public.core_response (
    id bigint NOT NULL,
    extra_data jsonb,
    submitted_at timestamp with time zone NOT NULL,
    job_id bigint NOT NULL,
    user_id integer NOT NULL,
    slug character varying(50)
);


ALTER TABLE public.core_response OWNER TO postgres;

--
-- Name: core_response_id_seq; Type: SEQUENCE; Schema: public; Owner: postgres
--

ALTER TABLE public.core_response ALTER COLUMN id ADD GENERATED BY DEFAULT AS IDENTITY (
    SEQUENCE NAME public.core_response_id_seq
    START WITH 1
    INCREMENT BY 1
    NO MINVALUE
    NO MAXVALUE
    CACHE 1
);


--
-- Name: core_review; Type: TABLE; Schema: public; Owner: postgres
--

CREATE TABLE public.core_review (
    id bigint NOT NULL,
    rating integer NOT NULL,
    comment text NOT NULL,
    created_at timestamp with time zone NOT NULL,
    updated_at timestamp with time zone NOT NULL,
    recipient_id integer NOT NULL,
    reviewer_id integer NOT NULL
);


ALTER TABLE public.core_review OWNER TO postgres;

--
-- Name: core_review_id_seq; Type: SEQUENCE; Schema: public; Owner: postgres
--

ALTER TABLE public.core_review ALTER COLUMN id ADD GENERATED BY DEFAULT AS IDENTITY (
    SEQUENCE NAME public.core_review_id_seq
    START WITH 1
    INCREMENT BY 1
    NO MINVALUE
    NO MAXVALUE
    CACHE 1
);


--
-- Name: django_admin_log; Type: TABLE; Schema: public; Owner: postgres
--

CREATE TABLE public.django_admin_log (
    id integer NOT NULL,
    action_time timestamp with time zone NOT NULL,
    object_id text,
    object_repr character varying(200) NOT NULL,
    action_flag smallint NOT NULL,
    change_message text NOT NULL,
    content_type_id integer,
    user_id integer NOT NULL,
    CONSTRAINT django_admin_log_action_flag_check CHECK ((action_flag >= 0))
);


ALTER TABLE public.django_admin_log OWNER TO postgres;

--
-- Name: django_admin_log_id_seq; Type: SEQUENCE; Schema: public; Owner: postgres
--

ALTER TABLE public.django_admin_log ALTER COLUMN id ADD GENERATED BY DEFAULT AS IDENTITY (
    SEQUENCE NAME public.django_admin_log_id_seq
    START WITH 1
    INCREMENT BY 1
    NO MINVALUE
    NO MAXVALUE
    CACHE 1
);


--
-- Name: django_content_type; Type: TABLE; Schema: public; Owner: postgres
--

CREATE TABLE public.django_content_type (
    id integer NOT NULL,
    app_label character varying(100) NOT NULL,
    model character varying(100) NOT NULL
);


ALTER TABLE public.django_content_type OWNER TO postgres;

--
-- Name: django_content_type_id_seq; Type: SEQUENCE; Schema: public; Owner: postgres
--

ALTER TABLE public.django_content_type ALTER COLUMN id ADD GENERATED BY DEFAULT AS IDENTITY (
    SEQUENCE NAME public.django_content_type_id_seq
    START WITH 1
    INCREMENT BY 1
    NO MINVALUE
    NO MAXVALUE
    CACHE 1
);


--
-- Name: django_migrations; Type: TABLE; Schema: public; Owner: postgres
--

CREATE TABLE public.django_migrations (
    id bigint NOT NULL,
    app character varying(255) NOT NULL,
    name character varying(255) NOT NULL,
    applied timestamp with time zone NOT NULL
);


ALTER TABLE public.django_migrations OWNER TO postgres;

--
-- Name: django_migrations_id_seq; Type: SEQUENCE; Schema: public; Owner: postgres
--

ALTER TABLE public.django_migrations ALTER COLUMN id ADD GENERATED BY DEFAULT AS IDENTITY (
    SEQUENCE NAME public.django_migrations_id_seq
    START WITH 1
    INCREMENT BY 1
    NO MINVALUE
    NO MAXVALUE
    CACHE 1
);


--
-- Name: django_session; Type: TABLE; Schema: public; Owner: postgres
--

CREATE TABLE public.django_session (
    session_key character varying(40) NOT NULL,
    session_data text NOT NULL,
    expire_date timestamp with time zone NOT NULL
);


ALTER TABLE public.django_session OWNER TO postgres;

--
-- Name: invoicemgmt_invoice; Type: TABLE; Schema: public; Owner: postgres
--

CREATE TABLE public.invoicemgmt_invoice (
    id bigint NOT NULL,
    invoice_number integer,
    invoice_date date NOT NULL,
    due_date date NOT NULL,
    total_amount numeric(10,2),
    status character varying(10) NOT NULL,
    notes text NOT NULL,
    created_at timestamp with time zone NOT NULL,
    updated_at timestamp with time zone NOT NULL,
    client_id integer NOT NULL,
    CONSTRAINT invoicemgmt_invoice_invoice_number_check CHECK ((invoice_number >= 0))
);


ALTER TABLE public.invoicemgmt_invoice OWNER TO postgres;

--
-- Name: invoicemgmt_invoice_id_seq; Type: SEQUENCE; Schema: public; Owner: postgres
--

ALTER TABLE public.invoicemgmt_invoice ALTER COLUMN id ADD GENERATED BY DEFAULT AS IDENTITY (
    SEQUENCE NAME public.invoicemgmt_invoice_id_seq
    START WITH 1
    INCREMENT BY 1
    NO MINVALUE
    NO MAXVALUE
    CACHE 1
);


--
-- Name: invoicemgmt_invoicelineitem; Type: TABLE; Schema: public; Owner: postgres
--

CREATE TABLE public.invoicemgmt_invoicelineitem (
    id bigint NOT NULL,
    description character varying(255) NOT NULL,
    quantity integer NOT NULL,
    rate numeric(10,2) NOT NULL,
    amount numeric(10,2),
    invoice_id bigint,
    CONSTRAINT invoicemgmt_invoicelineitem_quantity_check CHECK ((quantity >= 0))
);


ALTER TABLE public.invoicemgmt_invoicelineitem OWNER TO postgres;

--
-- Name: invoicemgmt_invoicelineitem_id_seq; Type: SEQUENCE; Schema: public; Owner: postgres
--

ALTER TABLE public.invoicemgmt_invoicelineitem ALTER COLUMN id ADD GENERATED BY DEFAULT AS IDENTITY (
    SEQUENCE NAME public.invoicemgmt_invoicelineitem_id_seq
    START WITH 1
    INCREMENT BY 1
    NO MINVALUE
    NO MAXVALUE
    CACHE 1
);


--
-- Name: payment_payment; Type: TABLE; Schema: public; Owner: postgres
--

CREATE TABLE public.payment_payment (
    id bigint NOT NULL,
    amount integer NOT NULL,
    ref character varying(200) NOT NULL,
    email character varying(254) NOT NULL,
    verified boolean NOT NULL,
    date_created timestamp with time zone NOT NULL,
    job_id bigint NOT NULL,
    user_id integer,
    extra_data jsonb,
    CONSTRAINT payment_payment_amount_check CHECK ((amount >= 0))
);


ALTER TABLE public.payment_payment OWNER TO postgres;

--
-- Name: payment_payment_id_seq; Type: SEQUENCE; Schema: public; Owner: postgres
--

ALTER TABLE public.payment_payment ALTER COLUMN id ADD GENERATED BY DEFAULT AS IDENTITY (
    SEQUENCE NAME public.payment_payment_id_seq
    START WITH 1
    INCREMENT BY 1
    NO MINVALUE
    NO MAXVALUE
    CACHE 1
);


--
-- Name: payments_paypalpayments; Type: TABLE; Schema: public; Owner: postgres
--

CREATE TABLE public.payments_paypalpayments (
    id bigint NOT NULL,
    invoice character varying(100) NOT NULL,
    amount numeric(10,2) NOT NULL,
    email character varying(254) NOT NULL,
    verified boolean NOT NULL,
    status character varying(20) NOT NULL,
    extra_data jsonb NOT NULL,
    job_id bigint NOT NULL,
    user_id integer NOT NULL
);


ALTER TABLE public.payments_paypalpayments OWNER TO postgres;

--
-- Name: payments_paypalpayments_id_seq; Type: SEQUENCE; Schema: public; Owner: postgres
--

ALTER TABLE public.payments_paypalpayments ALTER COLUMN id ADD GENERATED BY DEFAULT AS IDENTITY (
    SEQUENCE NAME public.payments_paypalpayments_id_seq
    START WITH 1
    INCREMENT BY 1
    NO MINVALUE
    NO MAXVALUE
    CACHE 1
);


--
-- Name: paypal_ipn; Type: TABLE; Schema: public; Owner: postgres
--

CREATE TABLE public.paypal_ipn (
    id bigint NOT NULL,
    business character varying(127) NOT NULL,
    charset character varying(255) NOT NULL,
    custom character varying(256) NOT NULL,
    notify_version numeric(64,2),
    parent_txn_id character varying(19) NOT NULL,
    receiver_email character varying(254) NOT NULL,
    receiver_id character varying(255) NOT NULL,
    residence_country character varying(2) NOT NULL,
    test_ipn boolean NOT NULL,
    txn_id character varying(255) NOT NULL,
    txn_type character varying(255) NOT NULL,
    verify_sign character varying(255) NOT NULL,
    address_country character varying(64) NOT NULL,
    address_city character varying(40) NOT NULL,
    address_country_code character varying(64) NOT NULL,
    address_name character varying(128) NOT NULL,
    address_state character varying(40) NOT NULL,
    address_status character varying(255) NOT NULL,
    address_street character varying(200) NOT NULL,
    address_zip character varying(20) NOT NULL,
    contact_phone character varying(20) NOT NULL,
    first_name character varying(64) NOT NULL,
    last_name character varying(64) NOT NULL,
    payer_business_name character varying(127) NOT NULL,
    payer_email character varying(127) NOT NULL,
    payer_id character varying(13) NOT NULL,
    auth_amount numeric(64,2),
    auth_exp character varying(28) NOT NULL,
    auth_id character varying(19) NOT NULL,
    auth_status character varying(255) NOT NULL,
    exchange_rate numeric(64,16),
    invoice character varying(127) NOT NULL,
    item_name character varying(127) NOT NULL,
    item_number character varying(127) NOT NULL,
    mc_currency character varying(32) NOT NULL,
    mc_fee numeric(64,2),
    mc_gross numeric(64,2),
    mc_handling numeric(64,2),
    mc_shipping numeric(64,2),
    memo character varying(255) NOT NULL,
    num_cart_items integer,
    option_name1 character varying(64) NOT NULL,
    option_name2 character varying(64) NOT NULL,
    payer_status character varying(255) NOT NULL,
    payment_date timestamp with time zone,
    payment_gross numeric(64,2),
    payment_status character varying(255) NOT NULL,
    payment_type character varying(255) NOT NULL,
    pending_reason character varying(255) NOT NULL,
    protection_eligibility character varying(255) NOT NULL,
    quantity integer,
    reason_code character varying(255) NOT NULL,
    remaining_settle numeric(64,2),
    settle_amount numeric(64,2),
    settle_currency character varying(32) NOT NULL,
    shipping numeric(64,2),
    shipping_method character varying(255) NOT NULL,
    tax numeric(64,2),
    transaction_entity character varying(255) NOT NULL,
    auction_buyer_id character varying(64) NOT NULL,
    auction_closing_date timestamp with time zone,
    auction_multi_item integer,
    for_auction numeric(64,2),
    amount numeric(64,2),
    amount_per_cycle numeric(64,2),
    initial_payment_amount numeric(64,2),
    next_payment_date timestamp with time zone,
    outstanding_balance numeric(64,2),
    payment_cycle character varying(255) NOT NULL,
    period_type character varying(255) NOT NULL,
    product_name character varying(255) NOT NULL,
    product_type character varying(255) NOT NULL,
    profile_status character varying(255) NOT NULL,
    recurring_payment_id character varying(255) NOT NULL,
    rp_invoice_id character varying(127) NOT NULL,
    time_created timestamp with time zone,
    amount1 numeric(64,2),
    amount2 numeric(64,2),
    amount3 numeric(64,2),
    mc_amount1 numeric(64,2),
    mc_amount2 numeric(64,2),
    mc_amount3 numeric(64,2),
    password character varying(24) NOT NULL,
    period1 character varying(255) NOT NULL,
    period2 character varying(255) NOT NULL,
    period3 character varying(255) NOT NULL,
    reattempt character varying(1) NOT NULL,
    recur_times integer,
    recurring character varying(1) NOT NULL,
    retry_at timestamp with time zone,
    subscr_date timestamp with time zone,
    subscr_effective timestamp with time zone,
    subscr_id character varying(19) NOT NULL,
    username character varying(64) NOT NULL,
    case_creation_date timestamp with time zone,
    case_id character varying(255) NOT NULL,
    case_type character varying(255) NOT NULL,
    receipt_id character varying(255) NOT NULL,
    currency_code character varying(32) NOT NULL,
    handling_amount numeric(64,2),
    transaction_subject character varying(256) NOT NULL,
    ipaddress inet,
    flag boolean NOT NULL,
    flag_code character varying(16) NOT NULL,
    flag_info text NOT NULL,
    query text NOT NULL,
    response text NOT NULL,
    created_at timestamp with time zone NOT NULL,
    updated_at timestamp with time zone NOT NULL,
    from_view character varying(6),
    mp_id character varying(128),
    option_selection1 character varying(200) NOT NULL,
    option_selection2 character varying(200) NOT NULL
);


ALTER TABLE public.paypal_ipn OWNER TO postgres;

--
-- Name: paypal_ipn_id_seq; Type: SEQUENCE; Schema: public; Owner: postgres
--

ALTER TABLE public.paypal_ipn ALTER COLUMN id ADD GENERATED BY DEFAULT AS IDENTITY (
    SEQUENCE NAME public.paypal_ipn_id_seq
    START WITH 1
    INCREMENT BY 1
    NO MINVALUE
    NO MAXVALUE
    CACHE 1
);


--
-- Name: token_blacklist_blacklistedtoken; Type: TABLE; Schema: public; Owner: postgres
--

CREATE TABLE public.token_blacklist_blacklistedtoken (
    id bigint NOT NULL,
    blacklisted_at timestamp with time zone NOT NULL,
    token_id bigint NOT NULL
);


ALTER TABLE public.token_blacklist_blacklistedtoken OWNER TO postgres;

--
-- Name: token_blacklist_blacklistedtoken_id_seq; Type: SEQUENCE; Schema: public; Owner: postgres
--

ALTER TABLE public.token_blacklist_blacklistedtoken ALTER COLUMN id ADD GENERATED BY DEFAULT AS IDENTITY (
    SEQUENCE NAME public.token_blacklist_blacklistedtoken_id_seq
    START WITH 1
    INCREMENT BY 1
    NO MINVALUE
    NO MAXVALUE
    CACHE 1
);


--
-- Name: token_blacklist_outstandingtoken; Type: TABLE; Schema: public; Owner: postgres
--

CREATE TABLE public.token_blacklist_outstandingtoken (
    id bigint NOT NULL,
    token text NOT NULL,
    created_at timestamp with time zone,
    expires_at timestamp with time zone NOT NULL,
    user_id integer,
    jti character varying(255) NOT NULL
);


ALTER TABLE public.token_blacklist_outstandingtoken OWNER TO postgres;

--
-- Name: token_blacklist_outstandingtoken_id_seq; Type: SEQUENCE; Schema: public; Owner: postgres
--

ALTER TABLE public.token_blacklist_outstandingtoken ALTER COLUMN id ADD GENERATED BY DEFAULT AS IDENTITY (
    SEQUENCE NAME public.token_blacklist_outstandingtoken_id_seq
    START WITH 1
    INCREMENT BY 1
    NO MINVALUE
    NO MAXVALUE
    CACHE 1
);


--
-- Name: wallet_rate; Type: TABLE; Schema: public; Owner: postgres
--

CREATE TABLE public.wallet_rate (
    id bigint NOT NULL,
    rate_amount numeric(5,2) NOT NULL,
    effective_from timestamp with time zone NOT NULL
);


ALTER TABLE public.wallet_rate OWNER TO postgres;

--
-- Name: wallet_rate_id_seq; Type: SEQUENCE; Schema: public; Owner: postgres
--

ALTER TABLE public.wallet_rate ALTER COLUMN id ADD GENERATED BY DEFAULT AS IDENTITY (
    SEQUENCE NAME public.wallet_rate_id_seq
    START WITH 1
    INCREMENT BY 1
    NO MINVALUE
    NO MAXVALUE
    CACHE 1
);


--
-- Name: wallet_wallettransaction; Type: TABLE; Schema: public; Owner: postgres
--

CREATE TABLE public.wallet_wallettransaction (
    id bigint NOT NULL,
    transaction_type character varying(20) NOT NULL,
    payment_type character varying(20),
    transaction_id character varying(100),
    amount numeric(10,2),
    status character varying(20) NOT NULL,
    "timestamp" timestamp with time zone NOT NULL,
    extra_data jsonb NOT NULL,
    job_id bigint,
    user_id integer NOT NULL,
    completed boolean NOT NULL,
    rate numeric(5,2) NOT NULL
);


ALTER TABLE public.wallet_wallettransaction OWNER TO postgres;

--
-- Name: wallet_wallettransaction_id_seq; Type: SEQUENCE; Schema: public; Owner: postgres
--

ALTER TABLE public.wallet_wallettransaction ALTER COLUMN id ADD GENERATED BY DEFAULT AS IDENTITY (
    SEQUENCE NAME public.wallet_wallettransaction_id_seq
    START WITH 1
    INCREMENT BY 1
    NO MINVALUE
    NO MAXVALUE
    CACHE 1
);


--
-- Data for Name: academy_training; Type: TABLE DATA; Schema: public; Owner: postgres
--

COPY public.academy_training (id, title, texts, pdf_document, video_url, client_id, job_id, slug) FROM stdin;
\.


--
-- Data for Name: accounts_clientprofile; Type: TABLE DATA; Schema: public; Owner: postgres
--

COPY public.accounts_clientprofile (id, company_name, company_website, industry, profile_id, preferred_freelancer_level, project_budget) FROM stdin;
34	TITOO ENTERPRISE LIMITED	http://www.titoenterpriseltd.com	technology	69	expert	5000.00
67	Apple34		technology	107	entry	67.00
69	Test clint 1	\N		152	intermediate	500.00
68	Angaza	https://fitness-tracker-api-8a07.onrender.com	technology	120	entry	6861944.00
\.


--
-- Data for Name: accounts_clientprofile_languages; Type: TABLE DATA; Schema: public; Owner: postgres
--

COPY public.accounts_clientprofile_languages (id, clientprofile_id, language_id) FROM stdin;
34	34	1
67	67	3
68	68	1
\.


--
-- Data for Name: accounts_freelancerprofile; Type: TABLE DATA; Schema: public; Owner: postgres
--

COPY public.accounts_freelancerprofile (id, portfolio_link, experience_years, hourly_rate, availability, profile_id) FROM stdin;
34		2	2.00	full_time	5
35		3	10.00	full_time	8
67		2	45.00	full_time	13
100		1	10.00	full_time	34
133	\N	0	10.00	full_time	67
166	\N	0	10.00	full_time	9
168	\N	0	10.00	full_time	107
169		7	15.00	full_time	109
170		6	30.00	full_time	111
171	\N	0	10.00	full_time	73
172		7	80.00	weekends	116
173	\N	0	10.00	full_time	115
174	https://fitness-tracker-api-8a07.onrender.com	2	3500.00	full_time	119
\.


--
-- Data for Name: accounts_freelancerprofile_languages; Type: TABLE DATA; Schema: public; Owner: postgres
--

COPY public.accounts_freelancerprofile_languages (id, freelancerprofile_id, language_id) FROM stdin;
4	34	16
5	34	1
6	34	4
7	35	1
8	67	1
34	100	1
101	169	1
102	170	16
103	170	1
104	172	3
105	172	7
107	174	1
\.


--
-- Data for Name: accounts_freelancerprofile_skills; Type: TABLE DATA; Schema: public; Owner: postgres
--

COPY public.accounts_freelancerprofile_skills (id, freelancerprofile_id, skill_id) FROM stdin;
5	34	3
6	34	28
7	34	13
8	34	14
9	35	9
10	35	10
11	67	25
12	67	26
13	67	28
34	100	1
35	100	2
102	169	1
103	170	1
104	170	2
105	172	9
106	172	5
107	172	7
109	174	1
\.


--
-- Data for Name: accounts_language; Type: TABLE DATA; Schema: public; Owner: postgres
--

COPY public.accounts_language (id, name) FROM stdin;
2	spanish
3	french
4	german
5	italian
6	portuguese
7	russian
8	mandarin
9	cantonese
10	japanese
11	korean
12	arabic
13	hindi
14	bulgarian
15	other
16	swahili
1	english
\.


--
-- Data for Name: accounts_profile; Type: TABLE DATA; Schema: public; Owner: postgres
--

COPY public.accounts_profile (id, date_modified, phone, location, bio, profile_pic, pay_id, pay_id_no, id_card, user_type, user_id, device) FROM stdin;
2	2025-03-05 09:10:35.892701+00					M-Pesa			freelancer	5	
7	2025-03-07 11:25:40.375076+00					M-Pesa			freelancer	10	
9	2025-03-07 11:29:41.557784+00					M-Pesa			freelancer	12	
8	2025-03-07 11:31:04.436379+00	254700322829				M-Pesa	254700322829		freelancer	11	
10	2025-03-09 16:53:59.096294+00					M-Pesa			freelancer	13	
11	2025-03-09 17:01:49.757321+00					M-Pesa			freelancer	14	
12	2025-03-09 18:38:13.104303+00					M-Pesa			freelancer	15	
13	2025-03-09 19:18:55.573236+00	0784942196	Kenya			Binance	820002132		freelancer	16	
14	2025-03-09 21:39:08.710374+00					M-Pesa			freelancer	17	
15	2025-03-10 08:44:13.849049+00					M-Pesa			freelancer	18	
34	2025-03-12 12:08:49.123666+00	0705780000			profile_pic/Ihaveit.jpeg	M-Pesa	0705780000		freelancer	34	
68	2025-03-13 08:16:18.206794+00					M-Pesa			freelancer	37	
67	2025-03-13 08:23:31.667227+00					M-Pesa	0700000000		client	36	
69	2025-03-13 08:25:21.144773+00	0743521898	Kenya			M-Pesa			client	38	
5	2025-03-13 09:11:43.476713+00	0723466117				M-Pesa	0723466117		client	8	
73	2025-03-13 14:28:55.799259+00					M-Pesa	0700000000		client	41	
102	2025-03-26 12:53:21.292883+00					M-Pesa			freelancer	69	
103	2025-04-02 08:23:02.844076+00					M-Pesa			client	70	
104	2025-04-02 09:15:31.053166+00					M-Pesa			freelancer	71	
105	2025-04-06 17:26:06.370666+00					M-Pesa			freelancer	72	
108	2025-04-25 10:38:51.373545+00					M-Pesa			freelancer	75	
107	2025-04-29 06:47:18.646466+00	0700000000				M-Pesa	0700000000		freelancer	74	
109	2025-05-01 11:20:29.566857+00	0742497205				M-Pesa	0742497205		freelancer	76	
110	2025-05-07 17:50:07.48698+00					M-Pesa			freelancer	77	
111	2025-05-07 17:52:46.960483+00	0799557613	NAIROBI			M-Pesa	0799557613		freelancer	78	
112	2025-05-16 06:18:57.451292+00					M-Pesa			freelancer	79	
113	2025-05-20 08:12:43.423423+00					M-Pesa			freelancer	80	
116	2025-05-29 08:14:33.286023+00	0712345678				M-Pesa	0712345678		freelancer	83	
117	2025-05-29 08:15:32.529358+00					M-Pesa			freelancer	84	
118	2025-05-31 10:08:04.233441+00					M-Pesa			freelancer	85	
146	2025-06-04 17:47:02.79168+00					M-Pesa			freelancer	88	
147	2025-06-04 17:55:12.813974+00					M-Pesa			client	89	
115	2025-06-05 12:53:57.636307+00					M-Pesa	4776774		freelancer	82	
152	2025-06-05 13:02:47.54898+00					M-Pesa	363664636	36637	client	90	
119	2025-06-05 14:59:27.2964+00	0725557612	Nairobi			M-Pesa	20010	41369137	freelancer	86	
153	2025-06-08 07:37:00.391231+00	0759158309				M-Pesa	0789687687	5689876	client	91	
154	2025-06-08 07:38:27.154999+00	0780070098				M-Pesa	0780070098	87658	freelancer	92	
120	2025-06-08 13:46:48.845034+00	0704207541	Nairobi			M-Pesa	30100		client	87	
\.


--
-- Data for Name: accounts_skill; Type: TABLE DATA; Schema: public; Owner: postgres
--

COPY public.accounts_skill (id, name) FROM stdin;
2	javascript
3	java
4	csharp
5	cpp
6	php
7	ruby
8	swift
9	kotlin
10	go
11	rust
12	typescript
13	html
14	css
15	react
16	angular
17	vue
18	django
19	flask
20	nodejs
21	express
22	spring
23	laravel
24	aspnet
25	jquery
26	bootstrap
27	tailwind
28	android
34	mysql
35	testing
1	python
\.


--
-- Data for Name: auth_group; Type: TABLE DATA; Schema: public; Owner: postgres
--

COPY public.auth_group (id, name) FROM stdin;
\.


--
-- Data for Name: auth_group_permissions; Type: TABLE DATA; Schema: public; Owner: postgres
--

COPY public.auth_group_permissions (id, group_id, permission_id) FROM stdin;
\.


--
-- Data for Name: auth_permission; Type: TABLE DATA; Schema: public; Owner: postgres
--

COPY public.auth_permission (id, name, content_type_id, codename) FROM stdin;
1	Can add log entry	1	add_logentry
2	Can change log entry	1	change_logentry
3	Can delete log entry	1	delete_logentry
4	Can view log entry	1	view_logentry
5	Can add permission	2	add_permission
6	Can change permission	2	change_permission
7	Can delete permission	2	delete_permission
8	Can view permission	2	view_permission
9	Can add group	3	add_group
10	Can change group	3	change_group
11	Can delete group	3	delete_group
12	Can view group	3	view_group
13	Can add user	4	add_user
14	Can change user	4	change_user
15	Can delete user	4	delete_user
16	Can view user	4	view_user
17	Can add content type	5	add_contenttype
18	Can change content type	5	change_contenttype
19	Can delete content type	5	delete_contenttype
20	Can view content type	5	view_contenttype
21	Can add session	6	add_session
22	Can change session	6	change_session
23	Can delete session	6	delete_session
24	Can view session	6	view_session
25	Can add job	7	add_job
26	Can change job	7	change_job
27	Can delete job	7	delete_job
28	Can view job	7	view_job
29	Can add job attempt	8	add_jobattempt
30	Can change job attempt	8	change_jobattempt
31	Can delete job attempt	8	delete_jobattempt
32	Can view job attempt	8	view_jobattempt
33	Can add response	9	add_response
34	Can change response	9	change_response
35	Can delete response	9	delete_response
36	Can view response	9	view_response
37	Can add chat	10	add_chat
38	Can change chat	10	change_chat
39	Can delete chat	10	delete_chat
40	Can view chat	10	view_chat
41	Can add message	11	add_message
42	Can change message	11	change_message
43	Can delete message	11	delete_message
44	Can view message	11	view_message
45	Can add message attachment	12	add_messageattachment
46	Can change message attachment	12	change_messageattachment
47	Can delete message attachment	12	delete_messageattachment
48	Can view message attachment	12	view_messageattachment
49	Can add profile	13	add_profile
50	Can change profile	13	change_profile
51	Can delete profile	13	delete_profile
52	Can view profile	13	view_profile
53	Can add training	14	add_training
54	Can change training	14	change_training
55	Can delete training	14	delete_training
56	Can view training	14	view_training
57	Can add invoice	15	add_invoice
58	Can change invoice	15	change_invoice
59	Can delete invoice	15	delete_invoice
60	Can view invoice	15	view_invoice
61	Can add invoice line item	16	add_invoicelineitem
62	Can change invoice line item	16	change_invoicelineitem
63	Can delete invoice line item	16	delete_invoicelineitem
64	Can view invoice line item	16	view_invoicelineitem
65	Can add payment	17	add_payment
66	Can change payment	17	change_payment
67	Can delete payment	17	delete_payment
68	Can view payment	17	view_payment
69	Can add PayPal IPN	18	add_paypalipn
70	Can change PayPal IPN	18	change_paypalipn
71	Can delete PayPal IPN	18	delete_paypalipn
72	Can view PayPal IPN	18	view_paypalipn
73	Can add client profile	19	add_clientprofile
74	Can change client profile	19	change_clientprofile
75	Can delete client profile	19	delete_clientprofile
76	Can view client profile	19	view_clientprofile
77	Can add freelancer profile	20	add_freelancerprofile
78	Can change freelancer profile	20	change_freelancerprofile
79	Can delete freelancer profile	20	delete_freelancerprofile
80	Can view freelancer profile	20	view_freelancerprofile
81	Can add language	21	add_language
82	Can change language	21	change_language
83	Can delete language	21	delete_language
84	Can view language	21	view_language
85	Can add skill	22	add_skill
86	Can change skill	22	change_skill
87	Can delete skill	22	delete_skill
88	Can view skill	22	view_skill
100	Can add review	34	add_review
101	Can change review	34	change_review
102	Can delete review	34	delete_review
103	Can view review	34	view_review
104	Can add job assignment	35	add_jobassignment
105	Can change job assignment	35	change_jobassignment
106	Can delete job assignment	35	delete_jobassignment
107	Can view job assignment	35	view_jobassignment
108	Can add paypal payments	36	add_paypalpayments
109	Can change paypal payments	36	change_paypalpayments
110	Can delete paypal payments	36	delete_paypalpayments
111	Can view paypal payments	36	view_paypalpayments
112	Can add wallet transaction	37	add_wallettransaction
113	Can change wallet transaction	37	change_wallettransaction
114	Can delete wallet transaction	37	delete_wallettransaction
115	Can view wallet transaction	37	view_wallettransaction
116	Can add blacklisted token	38	add_blacklistedtoken
117	Can change blacklisted token	38	change_blacklistedtoken
118	Can delete blacklisted token	38	delete_blacklistedtoken
119	Can view blacklisted token	38	view_blacklistedtoken
120	Can add outstanding token	39	add_outstandingtoken
121	Can change outstanding token	39	change_outstandingtoken
122	Can delete outstanding token	39	delete_outstandingtoken
123	Can view outstanding token	39	view_outstandingtoken
124	Can add rate	40	add_rate
125	Can change rate	40	change_rate
126	Can delete rate	40	delete_rate
127	Can view rate	40	view_rate
\.


--
-- Data for Name: auth_user; Type: TABLE DATA; Schema: public; Owner: postgres
--

COPY public.auth_user (id, password, last_login, is_superuser, username, first_name, last_name, email, is_staff, is_active, date_joined) FROM stdin;
14	pbkdf2_sha256$870000$7UYhy27IsgztBzDGajMHAA$yR8f93G8IVRavtlRzLtJAN8ChyW8XJ5aQyHtvSPYfeE=	\N	f	Alice			huyenlnguyen2@gmail.com	f	f	2025-03-09 17:01:49.459562+00
15	pbkdf2_sha256$870000$JkXkLwxjGgsXSEwew2jNg2$l3wlbAeUh5ZXlh8c6EqQQJSsMBzVUcrPuzFE4XYiKrc=	\N	f	MyName			ansclare@gmail.com	f	f	2025-03-09 18:38:12.802273+00
17	pbkdf2_sha256$870000$4UkWj4bgyRBmfPCuhtKSY8$l3cu1khPZQcefsoNv8Pj3nNES3eHlyd1Xai9pjpeC/Q=	\N	f	TestUser			paidsearch@lilikoiagency.com	f	f	2025-03-09 21:39:08.415339+00
18	pbkdf2_sha256$870000$naI5vwe2eZ4sAnTskX4lU3$s71y3lIAwVoh6FOhWOXi1ra+gd9/Bp8WM7L/qCPLpeg=	\N	f	John			ranade.ameeta@gmail.com	f	f	2025-03-10 08:44:13.487409+00
10	pbkdf2_sha256$870000$2XpQqfSYHYMETIf67U5PUL$9EpAGpNrYZPmFzuJ6qAr+sP17fAcO6lR1Pz7VfxJlR8=	2025-03-07 11:25:50.397052+00	f	briannyagol			briannyagol@gmail.com	f	t	2025-03-07 11:25:40.07756+00
11	pbkdf2_sha256$870000$wib5odX0Tzx218ogSo2P1s$uHZkA2goLQZYY1bEad19nQTvXZZDjiMYXJlq5d5NbKk=	2025-03-07 11:29:37.846032+00	f	Amenya			amenyazac@gmail.com	f	t	2025-03-07 11:29:11.642872+00
37	pbkdf2_sha256$870000$7YYculUF2Q7EGmFJ2HiWD3$YbV1+3AI9VK5C64+fVuU99Ml2W9h97t6wzBme7XWyXc=	2025-03-13 08:17:00.701731+00	f	0752391715			asiyasubra@gmail.com	f	t	2025-03-13 08:16:17.909919+00
13	pbkdf2_sha256$870000$WM7F8Djig4wugrmCVE2epR$BXEJv2wsF7VraGFXL2ofNv9E3VpOvAmxgU+vu4FHbtU=	\N	f	Hello			wxodeyiz@do-not-respond.me	f	f	2025-03-09 16:53:58.792609+00
38	pbkdf2_sha256$870000$pybAaf3z0S9mWtamFpg0xE$uVEBhvOu0na5KxQvYUUfmbDO5jCv0CJX1O8e0T4x7ug=	2025-03-13 08:23:58.310655+00	f	TITOO ENTERPRISE LIMITED			tituskiptoo016@gmail.com	f	t	2025-03-13 08:23:08.072283+00
36	pbkdf2_sha256$870000$PG2tjw3M0fIFmqFTXt675e$/hDvdipdZSC5FQNp+rM5n73eA90NXSCXtcYwBG6EJV0=	2025-03-13 08:24:13.046063+00	f	Shirish			shirish_468@live.in	f	t	2025-03-13 07:48:05+00
34	pbkdf2_sha256$870000$1mdMYYRV95Ar4rzoYd9nuy$KRVZGzpZRwttJr31QoRpXlSY4YwbmWY6VdYNdeQhabY=	2025-03-13 08:57:48.13749+00	f	faithngeno7@gmail.com			faithngeno7@gmail.com	f	t	2025-03-12 12:06:37.755831+00
75	pbkdf2_sha256$870000$Eaa4kRqehI9ASgff2MYUhg$CetobYqqyMEI79LCBV5W77ZMpcooQ8GZcXXUePv6bkI=	2025-04-25 10:39:26.154715+00	f	whmadmin			johnthewriter2020@gmail.com	f	t	2025-04-25 10:38:51.025396+00
70	pbkdf2_sha256$870000$JIC4Ue6rPlfKaKGOF8yI3w$vkLnyLPG5jOC6xgVwR/H3XQWdDVpR4SXFPa2YOaxLDg=	2025-04-02 19:37:37.429098+00	f	paulinenyawira80@gmail.com			paulinenyawira80@gmail.com	f	t	2025-04-02 08:23:02.471525+00
84	pbkdf2_sha256$870000$S7b27r8PMI2k7PpXJTquLQ$PTNpmmKdexeqlq5ctEOnnEWi/fu+UV4pNX/Jr6RRgp4=	2025-05-29 08:15:42.40627+00	f	kevin				f	t	2025-05-29 08:15:32.297788+00
78	pbkdf2_sha256$870000$nqafVzn3uWq1BWzv30HsHY$LoLL/ikLrGmT+1Lrgu1NvwoaXQLco8RVFMFb8d11Ukk=	2025-05-07 17:50:46.554164+00	f	Vinccioyier@gmail.com 			vinccioyier@gmail.com	f	t	2025-05-07 17:50:09.991925+00
77	pbkdf2_sha256$870000$7CNfhF2EQjhWFYyOvs0wJg$SovB/xWeDqm800wXpjDINfQ0AHrK1YnWfr5Pnt5Bm5I=	2025-05-07 17:50:55.858418+00	f	walicha4 			johnwalicha@gmail.com	f	t	2025-05-07 17:50:07.311434+00
69	pbkdf2_sha256$870000$AXxAaVgcHXbzASAung16LK$AneEMpsUQg0WwBLxhFHioS/9kbWq1gol//lY/vYdUUc=	2025-03-26 12:57:55.736736+00	f	China			chinacyrus2@gmail.com	f	t	2025-03-26 12:53:20.954424+00
72	pbkdf2_sha256$870000$DaWjUtQaTIFztYTyltNikn$1a0W4ZlXq+DnIB+5AS2YNgP0P+aiwQZ+POAW/PX0dCs=	2025-04-06 17:30:25.928054+00	f	Rockstar 			abekamarkotieno@gmail.com	f	t	2025-04-06 17:26:06.073127+00
82	pbkdf2_sha256$870000$kDiGmqftCJAE0y6feRZIdc$c+OKvUSoBE7BjmtGxa0FwIukapNkBs75PelSPGZ+BOM=	2025-06-02 06:38:36+00	t	wess			wessnathan10135@gmail.com	f	t	2025-05-29 07:26:14+00
8	pbkdf2_sha256$870000$KApKrNMW9jNLuUk68Agqcm$7ZImw/B79qf+V0cl3GaT2kaYG//wbFsD78UmDEBmcJA=	2025-04-07 19:04:42.438549+00	f	Fumbwe			fumbwehamisi5@gmail.com	f	t	2025-03-07 07:23:09+00
90	pbkdf2_sha256$870000$LRbZEf2klRk6BdDU3ZavmZ$T2NSL+pvD/R22vUiglUqvnp42a0DVdwM5UZmwDl59lI=	\N	f	testclient				f	t	2025-06-05 13:00:50.436014+00
76	pbkdf2_sha256$870000$VBxn92HlksoTUbl8AXjmKI$i4p8s2WJJiHqhSLReB0RwPl29ilF694bYOM/Bv9BVnQ=	2025-05-01 11:18:40.502285+00	f	kydd			kyddkhuka00@gmail.com	f	t	2025-05-01 11:18:22.202851+00
71	pbkdf2_sha256$870000$UEBwjshZh9conRUhRZ3yub$Nym+rZwQuePEyF2gRykcgi3b2mbPcJTCYxEl6Maa6KA=	\N	f	 tatiananyawira0@gmail.com			tatiananyawira0@gmail.com	f	f	2025-04-02 09:15:30.74323+00
85	pbkdf2_sha256$870000$3DeTmh5ywLir8xIHVDsTul$HqERfCciFRPVsqtN+LbXDQvZwVlp2m9itfjF9e0yLI0=	\N	f	Peter			peterochieng009@gmail.com	f	f	2025-05-31 10:08:04.001878+00
16	pbkdf2_sha256$870000$SXMLUr5B6PAmo4dtmQhKYN$Jp422FylXTEegVag7tB9CNkhsXfZkAJUIMN7KQPbU4k=	2025-05-04 10:11:11.756583+00	f	nicktonui842			nicktonui842@gmail.com	f	t	2025-03-09 19:15:52.231504+00
74	pbkdf2_sha256$870000$2nt127sL43IdaYpi23aHzn$VM3gpFkZs64J+TkoWz0wB0UXfDmxk61xAl3MniQ0bFI=	2025-05-29 05:35:43.713348+00	f	apple			wendyachieng76@yahoo.com	f	t	2025-04-21 06:34:27+00
79	pbkdf2_sha256$870000$JXbbsaFjvFidma8V1m0hfT$+E42iOGCxjkt24x7DxbGLpvdNOEvLqkTe3TDvuirDck=	2025-05-16 06:19:49.525344+00	f	paulndambo			paulkadabo@gmail.com	f	t	2025-05-16 06:18:57.240497+00
12	pbkdf2_sha256$870000$MQ5yzHmFI2ukm8DpKcFk0O$uJFqrIIOu2xiUjsO13dbzwqyHfNTk0dLPxA9wyGlk4U=	2025-05-20 07:55:42.637811+00	f	kyaloc			projects@brainverse.co	f	t	2025-03-07 11:29:41.246445+00
91	pbkdf2_sha256$870000$O7AIYfmIOilk7fFqP9LY3Q$J5WEH0dyaOGx4xHk9Y81YJmhgGxawHwsmexmupiguQY=	\N	f	chat_client	chat	client	chat@gmail.com	f	t	2025-06-08 07:35:29+00
80	pbkdf2_sha256$870000$hS9LvuYocoFNw07V1LoIKg$Byn7dhq5gg+QLwp5pKchZRSs5ulU8wof+Sq01LRUIag=	2025-05-20 08:18:01.273251+00	f	Not once			aipawanstar@gmail.com	f	t	2025-05-20 08:12:43.179707+00
86	pbkdf2_sha256$870000$pw1pvfUFvw64SW6pCGE6JH$v0nQnSxvcBsDDjR5NLaf7kypIEe9bVzuf8Z7TNz7W18=	\N	f	cate			catherinenanyala270@gmail.com	f	t	2025-06-03 08:37:58.234831+00
83	pbkdf2_sha256$870000$WvR3BnQjYClSogtqRyyiPa$r7ZIkW5z49yZo6lcZLyfEImJVc9oL7sBi+LEWZPibz8=	2025-05-29 08:12:18.443977+00	f	amber				f	t	2025-05-29 08:12:01.713794+00
88	pbkdf2_sha256$870000$kBEbeL5qDvJxHTKe8wnxdz$YTu/SElmfAEzPiwQivYX8DIbNhMekis9mKqUeqZ4jJ4=	\N	f	john_doe			john@example.com	f	f	2025-06-04 17:47:02.527997+00
89	pbkdf2_sha256$870000$44H4X2dBTBjoirB3BV7ynb$K/lvdDVC78P0km2yehgO+uPjg+fnHXqTHgodz1n5VdE=	\N	f	brenda smith			brenda@example.com	f	f	2025-06-04 17:55:12.567594+00
92	pbkdf2_sha256$870000$slOTpn5BZlnPYjSG3FkFp7$kA7Dk+FVgcJ4Gn7H+shrK/IZTThedtxdJfB8rgi+uT8=	\N	f	chat_freelancer	chat	freelancer	chatfreelancer@gmail.com	f	t	2025-06-08 07:37:29+00
41	pbkdf2_sha256$870000$Cj70jMpK8UfG9S4aae96kR$USs8RIIFTYFPx/+pyPxo7rHJIcTF7rdWluw8FiVmAJo=	2025-06-07 05:43:28.617306+00	f	jaimie			wendyachieng8@gmail.com	f	t	2025-03-13 14:27:03+00
5	pbkdf2_sha256$870000$yEDvrvWd0tjc0jxOjghkmi$MoeC1WuZ+Nycj5iUBEAawE5RwzSakujRL/8tk7W4yh4=	2025-06-08 07:33:55.36266+00	t	admin			admin@example.com	t	t	2025-03-05 09:10:35.564311+00
87	pbkdf2_sha256$870000$qEgpQmpshDXxG5p5ZrI8Yx$AymJ0wdk5Uf2hmvglyhf7Dv/nufdPug63I/ZIJIFadQ=	\N	f	nanjala	precious	nanjala	nanjalacatherine05@gmail.com	f	t	2025-06-03 08:57:04.340643+00
\.


--
-- Data for Name: auth_user_groups; Type: TABLE DATA; Schema: public; Owner: postgres
--

COPY public.auth_user_groups (id, user_id, group_id) FROM stdin;
\.


--
-- Data for Name: auth_user_user_permissions; Type: TABLE DATA; Schema: public; Owner: postgres
--

COPY public.auth_user_user_permissions (id, user_id, permission_id) FROM stdin;
\.


--
-- Data for Name: core_chat; Type: TABLE DATA; Schema: public; Owner: postgres
--

COPY public.core_chat (id, created_at, client_id, freelancer_id, job_id, slug) FROM stdin;
2	2025-04-30 09:27:15.120643+00	73	107	101	\N
3	2025-05-29 06:10:26.001242+00	73	107	104	\N
\.


--
-- Data for Name: core_job; Type: TABLE DATA; Schema: public; Owner: postgres
--

COPY public.core_job (id, title, category, description, price, posted_date, deadline_date, status, max_freelancers, client_id, preferred_freelancer_level, payment_verified, selected_freelancer_id, slug) FROM stdin;
34	sampe	web_dev	sample	999.97	2025-03-14	2025-03-17	open	4	67	intermediate	f	\N	\N
67	hh	web_dev	pop	6777.00	2025-03-18	2025-03-21	open	5	67	intermediate	f	\N	\N
110	Clean Up Product Listings	data_entry	Review and correct basic product information in a CSV file for an eCommerce database.	65.00	2025-06-08	2025-06-08	open	1	120	entry	t	\N	clean-up-product-listings
101	Manuscript/ book prep	writing	Straightforward project. I used the amazon template for ebook and print book format, Amazon KDP requirements for ebook and print, specializing in editing, proofreading, formatting, book cover design, publishing.\r\n\r\nI have a complete manuscript just want to meet amazon kdp standards.	50.00	2025-04-30	2025-05-22	in_progress	5	73	intermediate	f	74	\N
105	string test client	data_entry	string	517.00	2025-06-05	2025-06-05	open	7	152	entry	f	\N	string-test-client
104	Adnroid Community managers test(Germany)	data_entry	We are seeking local individuals from Germany to help us test our Community Managers for our mobile app (health and fitness area). This task is a straightforward and quick way to earn a reward and get access to a premium subscription for free!\r\n\r\nYou will only need to download our app from the Google Play Store (were seeking Android holders only for this test), create a free account, and complete a few easy steps (literally push some buttons and copypaste some text) from your side (we will provide you with specific instructions).	20.00	2025-05-29	2025-06-27	in_progress	5	73	intermediate	f	74	\N
109	Enter Survey Responses into Excel	data_entry	Manually input survey results from PDFs into a structured Excel template provided.	80.00	2025-06-08	2025-06-08	open	3	120	entry	t	\N	enter-survey-responses-into-excel
108	Transcribe Handwritten Notes	data_entry	Convert scanned handwritten pages into a clean digital text format. Accuracy is important.	45.00	2025-06-08	2025-06-08	open	2	120	entry	t	\N	transcribe-handwritten-notes
106	Virtual assistant	data_entry	Managed client inboxes by organizing emails, responding to inquiries, and scheduling meetings using tools like Google Calendar and Outlook. Ensured timely follow-ups and appointment confirmations. Helped maintain clear communication and reduced missed deadlines, enabling the client to stay focused and productive while trusting that daily administrative tasks were handled efficiently and professionally.	1628.00	2025-06-06	2025-06-20	open	4	152	entry	f	\N	smart-handle
107	Looking for Ai specialist	ai_training	hni need AI specialist for ai Animated videos and the video duration will be 2 min	20.00	2025-06-08	2025-05-02	in_progress	3	120	intermediate	f	\N	tech254
\.


--
-- Data for Name: core_jobassignment; Type: TABLE DATA; Schema: public; Owner: postgres
--

COPY public.core_jobassignment (id, assigned_at, status, freelancer_id, job_id) FROM stdin;
\.


--
-- Data for Name: core_message; Type: TABLE DATA; Schema: public; Owner: postgres
--

COPY public.core_message (id, content, "timestamp", chat_id, sender_id) FROM stdin;
3	let's begin	2025-04-30 09:27:25.059756+00	2	41
4		2025-04-30 09:27:34.636613+00	2	41
5	thank you for the opportunity	2025-04-30 09:28:13.717588+00	2	74
7	jhfhgdf	2025-05-29 06:10:41.554402+00	3	41
8	hey	2025-05-29 06:10:56.592685+00	3	74
9	jhfhgdf	2025-05-29 06:11:03.397981+00	3	41
\.


--
-- Data for Name: core_messageattachment; Type: TABLE DATA; Schema: public; Owner: postgres
--

COPY public.core_messageattachment (id, file, filename, uploaded_at, file_size, content_type, message_id) FROM stdin;
1	chat_attachments/2025/04/30/Copy_of_ubiquiti_Network.xlsx	Copy of ubiquiti Network.xlsx	2025-04-30 09:27:34.643178+00	9660	application/vnd.openxmlformats-officedocument.spreadsheetml.sheet	4
\.


--
-- Data for Name: core_response; Type: TABLE DATA; Schema: public; Owner: postgres
--

COPY public.core_response (id, extra_data, submitted_at, job_id, user_id, slug) FROM stdin;
36	{"sample_work": {"path": "uploads/responses/temp/4741857a8cb3449db66f82767a8d7271/EVERLYNE_retention_licence_7187960946299.pdf", "size": 165917, "filename": "EVERLYNE_retention_licence_7187960946299.pdf", "content_type": "application/pdf"}, "writing_style": "ljbhmjvn"}	2025-04-30 09:26:20.760611+00	101	74	\N
37	{"frameworks_used": "django", "development_tools": "visual studio code", "programming_languages": "python"}	2025-05-14 21:02:56.544275+00	67	74	\N
38	{"sample_work": null, "writing_style": "ss"}	2025-05-20 08:19:29.737252+00	101	80	\N
39	{"platforms_used": "fhgdchg", "tools_required": "fgdc"}	2025-05-29 06:08:14.051427+00	104	74	\N
41	\N	2025-06-06 12:56:43.787331+00	106	86	virtual-assistant-cate
42	\N	2025-06-06 13:28:36.855251+00	106	5	virtual-assistant-admin
43	\N	2025-06-08 07:59:08.047673+00	107	92	looking-for-ai-specialist-chat_freelancer
44	\N	2025-06-08 09:29:12.225496+00	109	92	enter-survey-responses-into-excel-chat_freelancer
\.


--
-- Data for Name: core_review; Type: TABLE DATA; Schema: public; Owner: postgres
--

COPY public.core_review (id, rating, comment, created_at, updated_at, recipient_id, reviewer_id) FROM stdin;
\.


--
-- Data for Name: django_admin_log; Type: TABLE DATA; Schema: public; Owner: postgres
--

COPY public.django_admin_log (id, action_time, object_id, object_repr, action_flag, change_message, content_type_id, user_id) FROM stdin;
1	2025-03-05 09:11:49.102891+00	1	Python	1	[{"added": {}}]	22	5
2	2025-03-05 09:11:53.968826+00	2	JavaScript	1	[{"added": {}}]	22	5
3	2025-03-05 09:11:57.576839+00	3	Java	1	[{"added": {}}]	22	5
4	2025-03-05 09:12:03.556159+00	4	C#	1	[{"added": {}}]	22	5
5	2025-03-05 09:12:08.847254+00	5	C++	1	[{"added": {}}]	22	5
6	2025-03-05 09:12:14.535939+00	6	PHP	1	[{"added": {}}]	22	5
7	2025-03-05 09:12:26.092237+00	7	Ruby	1	[{"added": {}}]	22	5
8	2025-03-05 09:12:38.537817+00	8	Swift	1	[{"added": {}}]	22	5
9	2025-03-05 09:12:47.879635+00	9	Kotlin	1	[{"added": {}}]	22	5
10	2025-03-05 09:12:54.352342+00	10	Go	1	[{"added": {}}]	22	5
11	2025-03-05 09:13:11.288846+00	11	Rust	1	[{"added": {}}]	22	5
12	2025-03-05 09:13:22.426152+00	12	TypeScript	1	[{"added": {}}]	22	5
13	2025-03-05 09:13:30.934104+00	13	HTML	1	[{"added": {}}]	22	5
14	2025-03-05 09:13:36.863491+00	14	CSS	1	[{"added": {}}]	22	5
15	2025-03-05 09:13:43.416976+00	15	React	1	[{"added": {}}]	22	5
16	2025-03-05 09:13:58.044225+00	16	Angular	1	[{"added": {}}]	22	5
17	2025-03-05 09:14:06.710371+00	17	Vue.js	1	[{"added": {}}]	22	5
18	2025-03-05 09:14:17.526804+00	18	Django	1	[{"added": {}}]	22	5
19	2025-03-05 09:14:24.718887+00	19	Flask	1	[{"added": {}}]	22	5
20	2025-03-05 09:14:45.510198+00	20	Node.js	1	[{"added": {}}]	22	5
21	2025-03-05 09:14:53.695241+00	21	Express.js	1	[{"added": {}}]	22	5
22	2025-03-05 09:15:03.042773+00	22	Spring Boot	1	[{"added": {}}]	22	5
23	2025-03-05 09:15:47.307564+00	23	Laravel	1	[{"added": {}}]	22	5
24	2025-03-05 09:16:01.822098+00	24	ASP.NET	1	[{"added": {}}]	22	5
25	2025-03-05 09:16:11.238443+00	25	jQuery	1	[{"added": {}}]	22	5
26	2025-03-05 09:16:31.809473+00	26	Bootstrap	1	[{"added": {}}]	22	5
27	2025-03-05 09:16:39.769613+00	27	Tailwind CSS	1	[{"added": {}}]	22	5
28	2025-03-05 09:16:50.536643+00	28	Android Development	1	[{"added": {}}]	22	5
29	2025-03-05 09:17:11.16938+00	1	English	1	[{"added": {}}]	21	5
30	2025-03-05 09:19:11.450356+00	2	Spanish	1	[{"added": {}}]	21	5
31	2025-03-05 09:19:14.563693+00	3	French	1	[{"added": {}}]	21	5
32	2025-03-05 09:19:18.337314+00	4	German	1	[{"added": {}}]	21	5
33	2025-03-05 09:19:21.719472+00	5	Italian	1	[{"added": {}}]	21	5
34	2025-03-05 09:19:26.505133+00	6	Portuguese	1	[{"added": {}}]	21	5
35	2025-03-05 09:19:31.609252+00	7	Russian	1	[{"added": {}}]	21	5
36	2025-03-05 09:19:48.589064+00	8	Mandarin Chinese	1	[{"added": {}}]	21	5
37	2025-03-05 09:19:52.244542+00	9	Cantonese	1	[{"added": {}}]	21	5
38	2025-03-05 09:19:56.825902+00	10	Japanese	1	[{"added": {}}]	21	5
39	2025-03-05 09:20:00.677789+00	11	Korean	1	[{"added": {}}]	21	5
40	2025-03-05 09:20:05.821857+00	12	Arabic	1	[{"added": {}}]	21	5
41	2025-03-05 09:20:11.433919+00	13	Hindi	1	[{"added": {}}]	21	5
42	2025-03-05 09:20:29.379209+00	14	Bulgarian	1	[{"added": {}}]	21	5
43	2025-03-05 09:20:35.651158+00	15	Other	1	[{"added": {}}]	21	5
44	2025-03-05 09:32:18.793576+00	16	Swahili	1	[{"added": {}}]	21	5
45	2025-03-05 09:32:36.276929+00	4	april	3		4	5
46	2025-03-07 11:27:28.399206+00	9	ZaccheausAmenya	2	[{"changed": {"fields": ["Username", "Email address"]}}, {"changed": {"name": "profile", "object": "ZaccheausAmenya", "fields": ["Pay id no"]}}]	4	5
47	2025-03-07 11:28:35.140744+00	9	ZaccheausAmenya	3		4	5
48	2025-03-07 13:31:44.349693+00	7	esther	2	[{"changed": {"name": "profile", "object": "esther", "fields": ["User type"]}}]	4	5
49	2025-03-07 13:36:15.58829+00	1	Webpage Development for AI-Powered Journal Management (AI Model Training)	1	[{"added": {}}]	7	5
50	2025-03-07 13:36:46.112678+00	1	Payment of 50 for Webpage Development for AI-Powered Journal Management by jaimie	1	[{"added": {}}]	17	5
67	2025-03-13 08:23:31.669318+00	36	Shirish	2	[{"changed": {"name": "profile", "object": "Shirish", "fields": ["Pay id no", "User type"]}}]	4	5
68	2025-03-13 09:11:43.478212+00	8	Fumbwe	2	[{"changed": {"name": "profile", "object": "Fumbwe", "fields": ["User type"]}}]	4	5
69	2025-03-13 10:10:03.078647+00	7	esther	3		4	5
70	2025-03-13 10:10:03.078691+00	6	jaimie	3		4	5
71	2025-03-13 14:28:55.800908+00	41	jaimie	2	[{"changed": {"name": "profile", "object": "jaimie", "fields": ["Pay id no", "User type"]}}]	4	5
100	2025-03-25 07:25:23.39889+00	41	jaimie	2	[{"changed": {"fields": ["Email address"]}}]	4	5
101	2025-03-25 07:32:20.585471+00	67	katee23	3		4	5
102	2025-04-16 08:56:43.102134+00	68	fina	3		4	5
103	2025-04-16 08:56:43.102215+00	39	lucy	3		4	5
104	2025-04-21 07:34:50.912212+00	73	apple12	3		4	5
105	2025-04-29 06:47:18.648754+00	74	apple	2	[{"changed": {"name": "profile", "object": "apple", "fields": ["Pay id no", "User type"]}}]	4	5
106	2025-05-29 06:22:48.681273+00	81	angie	1	[{"added": {}}]	4	5
107	2025-05-29 08:11:42.903383+00	81	angie	3		4	5
108	2025-05-29 08:12:01.98199+00	83	amber	1	[{"added": {}}]	4	5
109	2025-05-29 08:15:32.530822+00	84	kevin	1	[{"added": {}}]	4	5
110	2025-06-05 12:53:57.639416+00	82	wess	2	[{"changed": {"fields": ["Superuser status"]}}, {"changed": {"name": "profile", "object": "wess", "fields": ["Pay id no"]}}]	4	5
111	2025-06-05 13:00:50.729585+00	90	testclient	1	[{"added": {}}]	4	5
112	2025-06-05 13:02:15.581911+00	69	testclient's Client Profile	1	[{"added": {}}]	19	5
113	2025-06-05 13:02:47.550324+00	152	testclient	2	[{"changed": {"fields": ["Pay id no", "Id card", "User type"]}}]	13	5
114	2025-06-06 13:57:48.378443+00	106	Virtual assistant (Data Entry)	2	[{"changed": {"fields": ["Client"]}}]	7	5
115	2025-06-08 07:37:00.393036+00	91	chat_client	2	[{"changed": {"fields": ["First name", "Last name", "Active"]}}, {"changed": {"name": "profile", "object": "chat_client", "fields": ["Phone", "Pay id no", "Id card", "User type"]}}]	4	5
116	2025-06-08 07:38:27.156819+00	92	chat_freelancer	2	[{"changed": {"fields": ["First name", "Last name", "Active"]}}, {"changed": {"name": "profile", "object": "chat_freelancer", "fields": ["Phone", "Pay id no", "Id card"]}}]	4	5
117	2025-06-08 08:57:16.748994+00	110	Clean Up Product Listings (Data Entry)	2	[{"changed": {"fields": ["Payment verified"]}}]	7	5
118	2025-06-08 08:57:24.74403+00	109	Enter Survey Responses into Excel (Data Entry)	2	[{"changed": {"fields": ["Payment verified"]}}]	7	5
119	2025-06-08 08:57:31.755634+00	108	Transcribe Handwritten Notes (Data Entry)	2	[{"changed": {"fields": ["Payment verified"]}}]	7	5
\.


--
-- Data for Name: django_content_type; Type: TABLE DATA; Schema: public; Owner: postgres
--

COPY public.django_content_type (id, app_label, model) FROM stdin;
1	admin	logentry
2	auth	permission
3	auth	group
4	auth	user
5	contenttypes	contenttype
6	sessions	session
7	core	job
8	core	jobattempt
9	core	response
10	core	chat
11	core	message
12	core	messageattachment
13	accounts	profile
14	academy	training
15	invoicemgmt	invoice
16	invoicemgmt	invoicelineitem
17	payment	payment
18	ipn	paypalipn
19	accounts	clientprofile
20	accounts	freelancerprofile
21	accounts	language
22	accounts	skill
34	core	review
35	core	jobassignment
36	payments	paypalpayments
37	wallet	wallettransaction
38	token_blacklist	blacklistedtoken
39	token_blacklist	outstandingtoken
40	wallet	rate
\.


--
-- Data for Name: django_migrations; Type: TABLE DATA; Schema: public; Owner: postgres
--

COPY public.django_migrations (id, app, name, applied) FROM stdin;
1	contenttypes	0001_initial	2025-03-05 06:57:37.031567+00
2	auth	0001_initial	2025-03-05 06:57:37.238831+00
3	accounts	0001_initial	2025-03-05 06:57:37.277046+00
4	core	0001_initial	2025-03-05 06:57:37.392843+00
5	academy	0001_initial	2025-03-05 06:57:37.436232+00
6	academy	0002_initial	2025-03-05 06:57:37.458523+00
7	admin	0001_initial	2025-03-05 06:57:37.508891+00
8	admin	0002_logentry_remove_auto_add	2025-03-05 06:57:37.519306+00
9	admin	0003_logentry_add_action_flag_choices	2025-03-05 06:57:37.529019+00
10	contenttypes	0002_remove_content_type_name	2025-03-05 06:57:37.549013+00
11	auth	0002_alter_permission_name_max_length	2025-03-05 06:57:37.564053+00
12	auth	0003_alter_user_email_max_length	2025-03-05 06:57:37.576845+00
13	auth	0004_alter_user_username_opts	2025-03-05 06:57:37.588032+00
14	auth	0005_alter_user_last_login_null	2025-03-05 06:57:37.600729+00
15	auth	0006_require_contenttypes_0002	2025-03-05 06:57:37.607378+00
16	auth	0007_alter_validators_add_error_messages	2025-03-05 06:57:37.624123+00
17	auth	0008_alter_user_username_max_length	2025-03-05 06:57:37.644085+00
18	auth	0009_alter_user_last_name_max_length	2025-03-05 06:57:37.655455+00
19	auth	0010_alter_group_name_max_length	2025-03-05 06:57:37.670721+00
20	auth	0011_update_proxy_permissions	2025-03-05 06:57:37.689309+00
21	auth	0012_alter_user_first_name_max_length	2025-03-05 06:57:37.702113+00
22	core	0002_remove_response_common_notes_alter_job_status	2025-03-05 06:57:37.725187+00
23	core	0003_alter_response_extra_data_and_more	2025-03-05 06:57:37.776087+00
24	core	0004_chat_delete_notification	2025-03-05 06:57:37.825491+00
25	core	0005_chatroom_chatmessage_delete_chat	2025-03-05 06:57:37.929532+00
26	core	0006_alter_chatroom_unique_together_and_more	2025-03-05 06:57:38.086539+00
27	core	0007_message	2025-03-05 06:57:38.143765+00
28	core	0008_messageattachment	2025-03-05 06:57:38.192519+00
29	invoicemgmt	0001_initial	2025-03-05 06:57:38.293747+00
30	ipn	0001_initial	2025-03-05 06:57:38.331295+00
31	ipn	0002_paypalipn_mp_id	2025-03-05 06:57:38.341154+00
32	ipn	0003_auto_20141117_1647	2025-03-05 06:57:38.355672+00
33	ipn	0004_auto_20150612_1826	2025-03-05 06:57:38.559653+00
34	ipn	0005_auto_20151217_0948	2025-03-05 06:57:38.586957+00
35	ipn	0006_auto_20160108_1112	2025-03-05 06:57:38.60885+00
36	ipn	0007_auto_20160219_1135	2025-03-05 06:57:38.623623+00
37	ipn	0008_auto_20181128_1032	2025-03-05 06:57:38.636374+00
38	payment	0001_initial	2025-03-05 06:57:38.684275+00
39	sessions	0001_initial	2025-03-05 06:57:38.715104+00
40	accounts	0002_skill_profile_availability_profile_certifications_and_more	2025-03-05 08:56:59.151122+00
41	accounts	0003_remove_profile_skills_delete_skill_profile_skills	2025-03-05 08:56:59.201385+00
42	accounts	0004_alter_profile_hourly_rate	2025-03-05 08:56:59.265366+00
43	accounts	0005_skill_remove_profile_skills_profile_skills	2025-03-05 08:56:59.38711+00
44	accounts	0006_remove_profile_skills_remove_profile_availability_and_more	2025-03-05 08:56:59.492356+00
45	accounts	0007_remove_profile_device_used_clientprofile_and_more	2025-03-05 08:56:59.636381+00
46	accounts	0008_language_skill_and_more	2025-03-05 08:56:59.836977+00
47	accounts	0009_remove_profile_is_freelancer	2025-03-05 08:56:59.855635+00
48	accounts	0010_profile_device_alter_clientprofile_industry_and_more	2025-03-05 08:56:59.968019+00
49	core	0009_delete_jobattempt	2025-03-05 08:56:59.978497+00
50	core	0010_job_preferred_freelancer_level	2025-03-05 08:56:59.996725+00
51	accounts	0011_alter_language_name	2025-03-05 09:44:42.46191+00
67	accounts	0012_alter_profile_profile_pic	2025-04-21 07:32:24.716624+00
68	accounts	0013_alter_profile_profile_pic	2025-04-21 07:32:26.371039+00
69	core	0011_job_payment_verified_job_selected_freelancer_and_more	2025-04-21 07:32:29.443063+00
70	core	0012_alter_job_status	2025-04-21 07:32:29.877722+00
71	ipn	0009_alter_paypalipn_id	2025-04-21 07:32:32.947599+00
72	payment	0002_payment_extra_data	2025-04-21 07:32:34.870477+00
73	core	0002_review	2025-04-29 07:22:29.564806+00
74	core	0003_jobassignment	2025-05-29 05:26:31.692227+00
75	token_blacklist	0001_initial	2025-05-29 05:26:35.585193+00
76	token_blacklist	0002_outstandingtoken_jti_hex	2025-05-29 05:26:36.489682+00
77	token_blacklist	0003_auto_20171017_2007	2025-05-29 05:26:38.035652+00
78	token_blacklist	0004_auto_20171017_2013	2025-05-29 05:26:40.481853+00
79	token_blacklist	0005_remove_outstandingtoken_jti	2025-05-29 05:26:41.702636+00
80	token_blacklist	0006_auto_20171017_2113	2025-05-29 05:26:42.888427+00
81	token_blacklist	0007_auto_20171017_2214	2025-05-29 05:26:45.660654+00
82	token_blacklist	0008_migrate_to_bigautofield	2025-05-29 05:26:50.30328+00
83	token_blacklist	0010_fix_migrate_to_bigautofield	2025-05-29 05:26:50.916859+00
84	token_blacklist	0011_linearizes_history	2025-05-29 05:26:51.793822+00
85	token_blacklist	0012_alter_outstandingtoken_user	2025-05-29 05:26:52.78335+00
86	wallet	0001_initial	2025-05-29 05:26:57.652914+00
87	payments	0001_initial	2025-05-29 05:30:15.461631+00
88	academy	0002_training_slug	2025-05-30 18:19:21.389875+00
89	academy	0003_merge_0002_initial_0002_training_slug	2025-05-30 18:19:21.708769+00
90	core	0004_job_slug_response_slug	2025-05-30 18:19:24.625073+00
91	core	0005_chat_slug	2025-05-30 18:19:26.24843+00
92	core	0002_chat_active_chat_chat_uuid_chat_slug_job_slug_and_more	2025-06-08 13:12:05.441173+00
93	wallet	0002_wallettransaction_completed_wallettransaction_rate_and_more	2025-06-08 13:29:18.554271+00
94	wallet	0003_rate	2025-06-08 13:29:19.971782+00
\.


--
-- Data for Name: django_session; Type: TABLE DATA; Schema: public; Owner: postgres
--

COPY public.django_session (session_key, session_data, expire_date) FROM stdin;
6tbergqg1loy830n2kpypqshm8rwkxow	.eJxVjDsOwjAQBe_iGln-rg0lPWewdr0ODiBHipMKcXcSKQW0b2beWyRcl5rWXuY0sriIKE6_G2F-lrYDfmC7TzJPbZlHkrsiD9rlbeLyuh7u30HFXreaEEADZHsurLQKyhkoHILRxjEpBG-1LmDRZeeHaM0GPetIAzAaReLzBcbIN14:1tseba:yYnSIovN0sqdXiaCwD-VsG0yDO6ozOt8SoF4-hzHE50	2025-03-27 09:11:54.581512+00
m4badkfg0tr1a715w0jbnxsarg9t85yz	.eJxVjDsOwjAQBe_iGln-rg0lPWewdr0ODiBHipMKcXcSKQW0b2beWyRcl5rWXuY0sriIKE6_G2F-lrYDfmC7TzJPbZlHkrsiD9rlbeLyuh7u30HFXreaEEADZHsurLQKyhkoHILRxjEpBG-1LmDRZeeHaM0GPetIAzAaReLzBcbIN14:1tqS4u:gyZGr2YAMHSI523XHB3QQPzmsrBk4_APORO2UMZ78pM	2025-03-21 07:25:04.740386+00
wsotnqdzzba1s0teshlj3repl2ahq4j4	.eJxVjEEOwiAQRe_C2pAOBdq6dO8ZyDAzSNVAUtqV8e7apAvd_vfef6mA25rD1mQJM6uzsqBOv2NEekjZCd-x3KqmWtZljnpX9EGbvlaW5-Vw_w4ytvytKZJN3LOJjiBZm6TDARx5C3YUwwAdRu9GwQkYaTIC7NFESEL90IN6fwAtwzjU:1tsjYY:RD-Dtw-Qu3LE4fgSXzSwKsWbINosGZ5ZEgCXYHZRh58	2025-03-27 14:29:06.629411+00
gxa358cjw2si6rfr9sr5hxyx0kt4cz4w	.eJxVjMsOgjAUBf-la9O0wG2pS_d-A7kvLGpoQmFl_HclYaHbMzPnZQbc1jxsVZdhEnM2YE6_GyE_dN6B3HG-FctlXpeJ7K7Yg1Z7LaLPy-H-HWSs-VurMkPyyUXwFCl10Kpg3zSuhRiYO_U4kiftAaIEEByDShQOPpFDNe8P7uw4mg:1tqVpA:KHlDtdPXr29h6X0LC7FmUBjRJ1P3zZo0OCr3Dsdrcvo	2025-03-21 11:25:04.815907+00
qddo9pid292d44z7s27p9d7ontag3frj	.eJxVjksOgzAMRO_iNUIOf7qquu8ZkJM4kBYCCrBAiLuXVGxY-r2ZkXeYbevWqdG0EDx2WGf2jgaGB0hvybmN2rGHCHgg29_psw0sVuNw-lBslm0KTeOZe3KKPRwRNLQuXfP3Vp9WINygJPVlF4z-kGvHc9At3so4ROLLzvF71Ny_ruxtoKO5C5-lmBCWSqZkcs6LqkZVsRYoa6NFgRnlVKUFG1S6FLJGU55HlaSZQRSa4PgBfWFbXw:1tqVpu:34kIThP0Sn_vWnjMynIXA71sDxZ-yngVjP-K2UzAieg	2025-03-21 11:25:50.399561+00
tc3881ccxx8gk91solckzgyoh7gssigd	.eJxVjDsOgzAQBe-yNUI2OMGmStLnDGhtL58EG8SnSCLuHhvR0M68eT-Yu8avY2VxQSh_sM40eXQEJdwd-Q9CAuSw6wPAHXzR3JpIUjO4YGNRLZ8xJvVE1KM3NMGWQIXr0la772ywnMMJajRv8tHYF_pmCId-mTqdxkl62Dl9Dpb6x7E9HbQ4t6GmK7sUdc6Y1Fopm9siZ1yJIiNmakLBpTD1VQnJGJGWnCnKbH4pMmO5ICNh-wM5Hleg:1tqVtZ:aDitqMkmlVlX6FCoVXJWhJu3JsBaiTvvvsm1dST1XgA	2025-03-21 11:29:37.848611+00
dbsnk1d9q1wb516z6kueee40d2gyrc6s	.eJxVjMEOgjAQRP9lz4YAFiiejHe_gWy3i1SxJW0xMcZ_tzVcuE3mvZkPBHOz6zJojAinD6yBvcUnwwkeb5wdwQH4iWZOxeLdnSmGs_Jo7It94IJcEvJoiO8lr0bPPKMl9vA9wIBrnIY_NzrRqoZdqZAebDPRd7Q3l_5s9EYVWSk2Goqr0zxfNnd3MGGY8vpIWDZClGXXyq4k1SOPspJCKNWohlotibDtOUUSR05i3Vc4djX3KOsRvj_Yy1m-:1tqW0D:ZFwdQkuUbzj_0nTpHUCZvSMhpTajb13JON0Gw6xi3Lw	2025-03-21 11:36:29.221342+00
fzp1b6nds2ie4vlrfqo7ts258i2cwpdx	.eJxVjEEOwiAQRe_C2hAGCh1cuu8ZmhkGbdVAUtqV8e7apAvd_vfef6mRtnUat5aXcRZ1Vr06_W5M6ZHLDuRO5VZ1qmVdZta7og_a9FAlPy-H-3cwUZu-NRqXiHzEJBAE2KCwwwDRdSLWZ9tzNoDG-CsSpx4BI4MV5Bg8d516fwDeHjd2:1tqXny:x1QtGfeVfLJ2sOQHzLiarYkvS_ooQUZkPzCHgQjfHWU	2025-03-21 13:31:58.255511+00
4eipa4yp1hlk69ekmw2ch2788pvei6dq	.eJxVjMsOgjAUBf-la9O0wG2pS_d-A7kvLGpoQmFl_HclYaHbMzPnZQbc1jxsVZdhEnM2YE6_GyE_dN6B3HG-FctlXpeJ7K7Yg1Z7LaLPy-H-HWSs-VurMkPyyUXwFCl10Kpg3zSuhRiYO_U4kiftAaIEEByDShQOPpFDNe8P7uw4mg:1tqXqg:caSneft4iMI25Uo_rR7eUXPX7TIvziB3qWucyJYwZBM	2025-03-21 13:34:46.274412+00
flfa93041boo1j2e4i173w2zrlvxhnj7	.eJwdy8sJgDAQRdFeZq0W4MqlXchgnhJIZkI-aBR7N7q8cM9Nye5SwmI4M403lYQo7EEjzXBOqSN4tq71capBtddktBfNfUQKKmZoc_e7JdfwwS0CjmVFpOd5AcGeIys:1trJub:UmWy4V3yflP51g-2WJZg_pWS_7Zq2HhIjqDG4FulPyI	2025-03-23 16:54:01.16794+00
st5guhk80t9hf4vpasjzvjjppwxb54za	.eJwVizsOgCAQBe-ytbGwpNKTkA2uSLKshE9BCHeXrSZv8mZACV5asjdWBDOgFcqCkcDAxcERbEARA6_9tk7C4hXH6dXu7ovroZGtPWn1ZCJGcZRhzh9R8SHt:1trK2A:aC_DYruJ99diwOQ07BJFRPwYrF7WEoMGzagQisY4vmg	2025-03-23 17:01:50.876568+00
g4hk2f5fcolju5lbxrvdr3qyj3mhk08b	.eJwVi8EJwCAMAHfJu3QAX12gXUGCTUXQKFEfIu5e8zvuuAk1eO7FvtgQzIReSRgTgYF7PAoHUMIQt0CuLqLQ5VWcLqcddbBtFD0-IYrIjgTW-gHESyBC:1trLXS:PSyzhvC2fNFaFYdClcdm4Osz4eBXwgjplc5mn91pEH0	2025-03-23 18:38:14.264404+00
7ass4vgxarchbak46v0e2yaebf4w8atg	.eJxdjEEOgjAQRe8ya0PsSCm6Mu49A5l2BqhCIVAWxnh3qWGD2_f--2-YfROWsWKKBJc3LLNMgXqBCwTvnnEIiy9zhANIT777w9cmwcwN_TpIaRVfY2rrSaSj4GSCzwEqWmJb_bzn1aoCdtCSe0pIhh8UmmE9DHHyNkuTbLNzdh9Yutu23R20NLdrbYiVE10oFjRKY1GTQtElHk_E6AjLE1lra8pFn1E5Yo2mUMYcDTspGT5faXlbSA:1trM95:Qp7uI7KOkDgjmu7DlypZGObeWDKFn4CmUjBDJvl0vwg	2025-03-23 19:17:07.306243+00
wjpff2fgio813syrybx41o7gmjqnf6fj	.eJwVyzsOgCAQRdG9TG1cAJWL0JpMYNSJwyd8CkLYu1C-m3c6ZH58jdpiQVAdaqbk0REoOCmXa07YgByyzBSRbSZM5j2Ehb_A-JA3bTfBzdvCurS49J2IBL2Zfowfi6klXw:1trOMX:s0XiGShBltB1DqtiRKvNC3G86IBo4tFiZzcOsT33chA	2025-03-23 21:39:09.968637+00
bf8d07yprt31g3677s66t7vna4ufcy4r	.eJwVi7kNwCAQBHvZ2KIAIsduAp3gjC3BgXgCC9G7IZydnYH6eunZOGoEPdArF6HI0LjSIzjAkd6wsJCQY7UcNzr9XpVNcT12Y9qXd3QX5kBiuWDOHyJ3IUc:1trYkB:NjRthB4i-hPCOsDd5tV3BRwvE6ISKAjeq0c26Pxga5g	2025-03-24 08:44:15.052249+00
qr2y06k5mjzlneyhw05oki6krg4qmx2a	.eJyrVirOTM8rLYhPSSxJVLKqViotTi3KS8xNVbJSSkvMLMnIS0_Nyzd3SM9NzMzRS87PVdJRSgWx8ciDjIgvqSwAm1GUmpqTmJecWqRUWwsAavcnHQ:1tsKr9:hr8f-cxF85W91cF7L8OSmI_VepGxTLnsO57Y0g6xAh4	2025-03-26 12:06:39.440912+00
gny79ojxjcq0n2e6dlp0cvooi2rjmjdk	.eJxVjMsOwiAQRf-FtSHyHly69xsIA4NUDSSlXRn_3TbpQrf3nHPfLMR1qWEdNIcpswtTjp1-R4zpSW0n-RHbvfPU2zJPyHeFH3TwW8_0uh7u30GNo261FICmoCUQKSIZqW02qWgJwlqtgJTLEp31hs5lM3KR6JVzPgGgBMM-XxDvOCQ:1tsdk7:k_CSB5JOXxK2V1yPF_S0pA060usiBTtfH2XGcIUqlso	2025-03-27 08:16:39.447995+00
qd4rzad3gw01u4rk2rz8oys5xm8fioip	.eJxVjEuOwyAQBe_S68gKYD7OapT9nMFqoLHJ2DgCexFFuftAlE22Va_eE0qc0nEfPe4IlycchXLCleACZy25GJhmEk5AK8alQizxgeWwGX-mhjq3rVW3bNwf99aFTLRgcpThdYIRj30e3z76aoWGL2jR_VFqxt8wTVs9THuOtmuT7mNL97t5Wq6f7dfBjGWuNWfGymAVGebQkuS98tKFnhumVC8MCe251WqQdA514QO3g9B6cMZYbiS8_gGyeVhF:1tsdkS:4ith_eZwsyhcL3BtJf_AhOYm1-uWatR2SMjevm9jZ_E	2025-03-27 08:17:00.706714+00
tbiurn5ha9nvdg94dyf6j2iyverzcg88	.eJxVjLFugzAURX8lenOETIxNyBRVZUBqmiplRw_7GdyAQcEMVZR_r11lyXrPuecOi-3cOjcaPcLhDutCN4cjwQHqqj6fN-VnXV6-LtV3ufmoTlVdvsMWaEQ7BMVbvy5XO_tpYqk8dnFO1DQGJYYa_zvHkhosOQ-PLTS4-r75Z1YHwvfwMraoruQi0T_ouinEnL_ZNolK8qRLcpo0DW9P9yXQ49KHN7Up5QaFyDiXLDM5KqVwRybnWSENyVaaTDPd7gUZVuSCKOU7EayCCZ4X8PgDrkddNA:1tsdrC:zujGTOhbwSi4g4zQewI3HG2ApuOJD-MMRxhOXv_sOoM	2025-03-27 08:23:58.312946+00
cd6keuwti06av29cfykrk18ffd2ov6jm	.eJxVjDsOwjAQBe_iGln-fyjpOYO1a69xADlSnFSIu0OkFNC-mXkvlmBbW9oGLWkq7My0Y6ffESE_qO-k3KHfZp7nvi4T8l3hBx38Ohd6Xg7376DBaN-6orAFipYmhJBrhQDGSFARatBeWIlKI8ZM1hNJEQUaIpGVD1SUQ8feHyDgOJE:1tsdrR:PVkrgfddv3ByY-uCOrcEJ0JH1jiTZLIsMViAtrCcbYA	2025-03-27 08:24:13.051854+00
6r5verefyppbdmzlc4iudzvgfonrcyec	.eJxVjDsOwjAQBe_iGlnxh6xNSZ8zROv1Lg4gR4qTCnF3iJQC2jcz76VG3NYybo2XccrqopxXp98xIT247iTfsd5mTXNdlynpXdEHbXqYMz-vh_t3ULCVbx1dNLG32XsDPmaGTJKExQF6YTJEtgsISSCYDoI1wRn0Uc7UM9he1PsDDMU4Iw:1tseNw:tiVreVNWeU8MmW3C1TGN-Ti_K6uqYpx12uUj0_KIXFQ	2025-03-27 08:57:48.141992+00
eoivdtfl8838btl1m9sav2i01lx0mnhb	.eJxVjEsOgkAQRO_Sa0O0h8-MK-PeM5Cmu4FRGAyfGGO8uwNh47LqvaoPTL4Jy7MUmgnOH1gmHQP1CmeofSA4gPbkuxhfGuRN3HoNjbOXZq0THvqorKNyfj-31ajaUWAd4XuAkpa5LTfuJdLcwl9ZET_ibyRyp9AM8TDMo6-SVUl2OiW3QbS77u7fQUtTG9dIOaUZZpTi0RTIok4yY8VVztZYY8pGtXCFZT5qbsyJkGo0kjvHmNoKvj9KmVjT:1twymx:IlHwY075TREF7kn6by_6gEoxckfcfTC0gmduRbrzT-c	2025-04-08 07:33:31.486772+00
ejdr874804hb0ypmgs3ptzuf7vl496lr	.eJxVjDsOwjAQBe_iGlnZ-CdT0nMGa71r4wBypDipIu6OI6WA9s3M20XAbS1ha2kJE4urcFpcfseI9Er1IPzE-pglzXVdpigPRZ60yfvM6X073b-Dgq30ehiyjmbMCMiWjEPwDASUR0jKKmuUzexVF5IH77yNOoNCRZGxh058vhMrOF4:1u9ekt:41afCWjbH78EjoR7Z90RVeuZbSSV1cvx3gEAFgXBX9s	2025-05-13 06:47:47.882725+00
ma9px4dte2yfcx9j6jbh4eve66un2ngh	.eJxVjMFuwyAQRP9lz5FlwKaQU5We-w3Wwq5tWhtHYB-iKP8eiHLJcebNmzvkMMXjOhDuCOc7HJlTxJXhDD9ziAgn4BXDUrKv2d_SkeX3VLvGb2vhVRn227U6Y2JeMHpO8DjBgMc-Dy8eqFBt4aN06P85VkJ_GKetHMY9BdfUSfOmufndiJfLe_txMGOei83OGamc18oKo6xjoQy32nWoOuOl70fu2tb2loTvrWSDLZGUZMYvIUhreDwBk4lYFA:1txQKR:y9pi9C6ztjEHP3Q-VuNcHedF-_X4sMpjBHjOZW0EZHs	2025-04-09 12:57:55.739357+00
9i8p385768m62x4vv8vz1embmiw84u8k	.eJxVjMEOwiAQRP-FsyFAaQGP3vsNze6y2KqBpLQn479bkh70Npn3Zt5ign2bp73yOi1RXIU24vJbItCTcyPxAfleJJW8rQvKpsiTVjmWyK_b6f4dzFDntu4IVG-tUm7wThEG4OS1txaxx56G6IlgCHxEsh0fogkakjMcwJskPl8Gwjgy:1tzrMP:bzYDF_MlLr_Y-6GAvM6rZz6iy0nm_eObjOqMMJRihqQ	2025-04-16 06:14:01.113414+00
aaa1apymhss1sx3dxaamvsiq92nf5gty	.eJxVjMEOwiAQRP-FsyFAaQGP3vsNze6y2KqBpLQn479bkh70Npn3Zt5ign2bp73yOi1RXIU24vJbItCTcyPxAfleJJW8rQvKpsiTVjmWyK_b6f4dzFDntu4IVG-tUm7wThEG4OS1txaxx56G6IlgCHxEsh0fogkakjMcwJskPl8Gwjgy:1tztJx:bZFRO4iDoFNDUukTRiL0VhpWVwt-mIMU4J3Ziu0TDV0	2025-04-16 08:19:37.544009+00
swywdmm0jj62vqzzq3iv0cu5tfart783	.eJxVjEEOwiAQRe_C2pAOBdq6dO8ZyDAzSNVAUtqV8e7apAvd_vfef6mA25rD1mQJM6uzsqBOv2NEekjZCd-x3KqmWtZljnpX9EGbvlaW5-Vw_w4ytvytKZJN3LOJjiBZm6TDARx5C3YUwwAdRu9GwQkYaTIC7NFESEL90IN6fwAtwzjU:1u6kzq:MY3tCeTf9QLdU60x5cf9A6P8kLuHwbfxqOCoRYOktuk	2025-05-05 06:51:14.185381+00
4el4o5mkzeym144b0fmmwaacw2ic9389	.eJxVjDsOwjAQBe_iGlnZ-CdT0nMGa71r4wBypDipIu6OI6WA9s3M20XAbS1ha2kJE4urcFpcfseI9Er1IPzE-pglzXVdpigPRZ60yfvM6X073b-Dgq30ehiyjmbMCMiWjEPwDASUR0jKKmuUzexVF5IH77yNOoNCRZGxh058vhMrOF4:1u6lGv:via8C6eR1ExMzt44e7QV8oRz86SpCHWCEFOW1zTD9bU	2025-05-05 07:08:53.461985+00
thsiy6sytxhp28pwq06i603b5k3u2ip7	.eJxVjkuOgzAQRO_S6wgZ_IOsRtnPGVBD29gZbCJjFI2i3D12lE229eqV6gG7X-JxGwkzwvkBx25SxGDgDHcXkIKPcAIT0K8lum4uZmfuyWeTOtaxn6WSZt5CaVV3zP-3KttkzIpxNgmeJxjxyG58c0-Faglf4YTzn4mV0BXjspXBmJOfmlppPnRvfjcy6-XT_RpwuLtiC8RhkKrX0jI-TDQJrhQnhVZophVD6jjjrS7PeT9YSb1QSK3uScpWWAbPF_SkWk0:1u8GSs:sLEskIovOpMk_KFLc1Uywp29-NBWTrIBtXcR_J-kdwI	2025-05-09 10:39:26.163538+00
86p18r6tz4z9ycv5oq9sryoqcwwh4mwu	.eJxVjDsOwjAQBe_iGlnr7zqU9JzB2s3aOIASKZ8KcXeIlALaNzPvpTJta8vbUuY8iDorBHX6HZn6Rxl3Incab5Pup3GdB9a7og-66Osk5Xk53L-DRkv71oQEwj6GUH3vonUBBDiV4FMxaCGiR4vMyTiu0KHzbCCSdGKSWK7q_QHtqTdr:1tzuNI:-elMAZhgUWfqYmdcDO552mkCWOlIhF2H1IJzrNxfnYA	2025-04-16 09:27:08.122471+00
cqvzna2e0rbz9lgcfm8rzgt0e7en4xiy	.eJxVjEEOwiAQRe_C2pAOBdq6dO8ZyDAzSNVAUtqV8e7apAvd_vfef6mA25rD1mQJM6uzsqBOv2NEekjZCd-x3KqmWtZljnpX9EGbvlaW5-Vw_w4ytvytKZJN3LOJjiBZm6TDARx5C3YUwwAdRu9GwQkYaTIC7NFESEL90IN6fwAtwzjU:1u9ekd:CNQtD6gYde1jETMaXDE5a55ljcg5XHfHwB53KKg_ESY	2025-05-13 06:47:31.494195+00
vmm8simrriev8l5yw6ozk2iehpqx1opa	.eJxVjDsOwjAQBe_iGlnr7zqU9JzB2s3aOIASKZ8KcXeIlALaNzPvpTJta8vbUuY8iDorBHX6HZn6Rxl3Incab5Pup3GdB9a7og-66Osk5Xk53L-DRkv71oQEwj6GUH3vonUBBDiV4FMxaCGiR4vMyTiu0KHzbCCSdGKSWK7q_QHtqTdr:1tzyXm:IhxhXjDIIH1z0DUcm0uz18V3yJ4pa8gYi8fOr5a0LTA	2025-04-16 13:54:14.695291+00
rsuemfmx44qtlpes6wf1a5urb8a2mhpb	.eJxVjDsOwjAQBe_iGlnr7zqU9JzB2s3aOIASKZ8KcXeIlALaNzPvpTJta8vbUuY8iDorBHX6HZn6Rxl3Incab5Pup3GdB9a7og-66Osk5Xk53L-DRkv71oQEwj6GUH3vonUBBDiV4FMxaCGiR4vMyTiu0KHzbCCSdGKSWK7q_QHtqTdr:1u03u5:Dn8USbqWI-IE5Re47E1qkczsCWR3kJxIyEnXpVxuXDA	2025-04-16 19:37:37.456717+00
jpd91dj18ecmjlde4tew5rw127bw9cz8	.eJxVjDsOwjAQBe_iGlnZ-CdT0nMGa71r4wBypDipIu6OI6WA9s3M20XAbS1ha2kJE4urcFpcfseI9Er1IPzE-pglzXVdpigPRZ60yfvM6X073b-Dgq30ehiyjmbMCMiWjEPwDASUR0jKKmuUzexVF5IH77yNOoNCRZGxh058vhMrOF4:1uA3e9:SFfZ0Au4ahnhDYmCtJBpnkHeJ8XlIOrSRFUP9jatK0A	2025-05-14 09:22:29.901192+00
0564wzs05d4ngyl2wy5rn50h02gl8pr2	.eJxVjDsOgzAQRO-yNUJrfsapovQ5A1q8ayCAQXyKKOLuwRFNypk3bz6wdo3f54ppI7h9YF9l8TQK3KB_M0MEMlI3XLFv954Q703oYjuNJw9Gtb3noLhFZCBvZYEjgor2ra1-vOOT6gL-yppsLz4QfpFvpvPQb0tXx2ESX3SNnxPL8Li2fwctre1po8oL0ZxZwhTRaCtYZFmZSsmKkkQwQy1UO2NIITsnKjfWpSZRpUlzncDxBQU5Vyk:1uARw8:P4H2RIL-kgE01z-edLYEF6ur9uetNdYa7x953Qv-uW0	2025-05-15 11:18:40.509833+00
ynlyhg1ef4n53y45vocuhl6fd0hrj5nl	.eJxVjMGOwiAURX_FvLVpKmgLrszsZ-MPNA94tNgWGqALY_z3gYkbt-fcc1-Q3Oj3bTCYEa4v2BNFjyvBFe5BzyljPMARaEW3FIaKZlwxziE78uE2Vt7osJZNTYf83GprI9GCXlOE9xEG3PM0_Htniu0ZfEGFeiZfjXmgH0M59Dk61dRJ87Gp-Q2Glp_P9utgwjSVWtpO9kJwbBU_K1LCcC1OWnRcK-yENHgyxmrZiQuJlllrzozkhbea9YpzBu8_-_Nbyw:1u1TpB:OQE87NMhyDVLVu3A7XCXCcPRl-MyUTJy6zZUbnK-PsM	2025-04-20 17:30:25.93176+00
7i5iqgmdzul8owq9jsimjch346i2oeec	.eJxVjDEOwjAMRe-SGUW1S-LAyM4ZIid2SQGlUtNOiLtDpQ6w_vfef5nI61Li2nSOo5izAW8Ov2Pi_NC6EblzvU02T3WZx2Q3xe602esk-rzs7t9B4Va-NbFAVudBFAkc-oEB1QXsehbMjKHnlNLAR3UnhMzikDwQdSRZg5j3BxXsOH8:1uBCqf:qlriYH0cOl6T1E6VKYFPDYUhmRvHdgrSverumTu8beg	2025-05-17 13:24:09.065318+00
c28f5w0p12ednfeull3yq3f9u822v001	.eJxVjDsOwjAQBe_iGln-rg0lPWewdr0ODiBHipMKcXcSKQW0b2beWyRcl5rWXuY0sriIKE6_G2F-lrYDfmC7TzJPbZlHkrsiD9rlbeLyuh7u30HFXreaEEADZHsurLQKyhkoHILRxjEpBG-1LmDRZeeHaM0GPetIAzAaReLzBcbIN14:1u1rly:44dts7U2POj-fqm2_tnJedO_Bcw4Sv7PDzvxS-JMzP8	2025-04-21 19:04:42.47327+00
krwplrriif7zgnd60aalvo459kbne7zg	.eJxVjDEOwjAMRe-SGUW1S-LAyM4ZIid2SQGlUtNOiLtDpQ6w_vfef5nI61Li2nSOo5izAW8Ov2Pi_NC6EblzvU02T3WZx2Q3xe602esk-rzs7t9B4Va-NbFAVudBFAkc-oEB1QXsehbMjKHnlNLAR3UnhMzikDwQdSRZg5j3BxXsOH8:1uBWJT:dCLM_xp3I-xWSFcg-bCT7Fvd4cS7bmLGXtdSjMjXLHQ	2025-05-18 10:11:11.767179+00
w211bqk6ghht7kib18ejqol1uondccnz	.eJxtjL1uwzAMBl-l4BwYka3oJ1PQvWtXgxIpW60tB7JdIAjy7pWKLAE6knff3WGNQ9qvPeGGcL7DvnJOODOc4TMm7-Nyi5wvw4xxavwyv8EBuB5F-PlPKLw2-u12rZGQmSdMnjM8DtDjvo39H49UqDbw8nTovzlVQl-YhqUE05aja6rSPOnafCzE0_vTfQmMuI5lrWSnyQp0ZLULZMgZDr6TolXHEwvG4IXQZKRqO2FQCYXYdkcdrLTyZFt4_AKxL16b:1uCius:4DcjGHUpnctUeVM3A0jDUFl9QuerNSwhpCvdy-eQ5OA	2025-05-21 17:50:46.559353+00
8169gbwxqvpzdoplxsq8i9iwfih3sqm6	.eJxVjMsOgjAQRf9l1oRAKZS6Mu79BjLtTKEKhfCIIcZ_txg2bs85975h8W3YpoZwRbi8YVt4DjgwXACnqedcQAI8oO8jeXGgHW3nObS6vrYHTu04xOTYNes-HUM3M_cYLM_wSaDBbe2an_cUrSrgDxq0z_gbDT0wtGM8DOvsTXok6WmX9D4S97ez_TvocOniWktbIZVoRMGlRaNzmTlX1VJUtZOFFaR1lUvMlBZUSk1WC6UKSYzSKSPg8wU-KFmt:1u4yap:f-2kygrDYUOhCojC8-1zWWzN14rL6AXwNYIG46UkL9U	2025-04-30 08:58:03.488355+00
2tr7ofxooaj8tyxag9mwte48ox7uqiv1	.eJxVjEsOwjAMBa-CvEYVhAanrBB7zlA5sdsE2hT1I4QQdydB3bCdefPeMIU2Lo-aaSY4vWGZZIzUC5zgSV1wnsoNbEF6Cl1it8HHlZ_bzAo39MnnrJ5fj9w1o0hH0ckIny3UtMy-_vnAySLCH7Tk7hKz4RvFdkiHcR6DLfKkWO1UXAeW7rJu_w48TT7VSlfSlM6QNEY7i6ZUopRFqx3vKtZHZIOIUvEOD2aP1hKjNqTEHJuDEHy-HO9aLw:1uCiv1:pGsvGuo4iU3s3ktuzbVv1KgvDrrCnDNXlvBCvRX9Hxg	2025-05-21 17:50:55.861049+00
vbs18nuibqv7q7d56x9roktoum01var6	.eJxVjEEOwiAQRe_C2pAOBdq6dO8ZyDAzSNVAUtqV8e7apAvd_vfef6mA25rD1mQJM6uzsqBOv2NEekjZCd-x3KqmWtZljnpX9EGbvlaW5-Vw_w4ytvytKZJN3LOJjiBZm6TDARx5C3YUwwAdRu9GwQkYaTIC7NFESEL90IN6fwAtwzjU:1uEQ46:L-gTmZyv0UFaFAbOroQiNnL2kUgbaT0x-PgFAKtnZw0	2025-05-26 10:07:18.705773+00
teekkzv1qib1rkup3k1p5rifctgczs0n	.eJxVjEEOwiAQRe_C2pAOBdq6dO8ZyDAzSNVAUtqV8e7apAvd_vfef6mA25rD1mQJM6uzsqBOv2NEekjZCd-x3KqmWtZljnpX9EGbvlaW5-Vw_w4ytvytKZJN3LOJjiBZm6TDARx5C3YUwwAdRu9GwQkYaTIC7NFESEL90IN6fwAtwzjU:1uFJGh:viwJK4zvMgG6_Xj5ZVr3FhG0mjTdqy4BWbSh0A8JTCA	2025-05-28 21:03:59.506072+00
8711zs1u4smoxp896ouxc74q4s676bh2	.eJxVjMsOgjAUBf-la9O0wG2pS_d-A7kvLGpoQmFl_HclYaHbMzPnZQbc1jxsVZdhEnM2YE6_GyE_dN6B3HG-FctlXpeJ7K7Yg1Z7LaLPy-H-HWSs-VurMkPyyUXwFCl10Kpg3zSuhRiYO_U4kiftAaIEEByDShQOPpFDNe8P7uw4mg:1u51gm:I_a8zkSDgib0RfVq6OJ-Xafx-cjKJrjHYLIBiOftggw	2025-04-30 12:16:24.826494+00
wevvq18lhz0cy44bd1xdvwnzqhs2y2f3	.eJxVjEEOwiAURO_C2hBoP1Bcuu8ZCPA_UjWQlHZlvLs06UKX8-bNvJnz-5bd3mh1C7IrM5ZdfmHw8UnlaPDhy73yWMu2LoEfCj_bxueK9Lqd7t9B9i33tcaEhjQQhTgCBSVU6kgBjNbKOEGYBpu8QYA4QDAyYY9CI1jrZRTs8wU5Gzjk:1uFoPt:JoYzooYouYCOrwvxE4M3otobM_MeZ2HQ3qflpLhvsNg	2025-05-30 06:19:33.097496+00
vnlymrlxuunfk7eyx7t9bz3i9yrf4rkc	.eJxVjEEOwiAQRe_C2pAOBdq6dO8ZyDAzSNVAUtqV8e7apAvd_vfef6mA25rD1mQJM6uzsqBOv2NEekjZCd-x3KqmWtZljnpX9EGbvlaW5-Vw_w4ytvytKZJN3LOJjiBZm6TDARx5C3YUwwAdRu9GwQkYaTIC7NFESEL90IN6fwAtwzjU:1u6k8X:SIsUp6tlQW_kSfM1eiLQFAT-PFbQ3Yxp43WAXDodMjw	2025-05-05 05:56:09.906603+00
dd9a3vis9k50nkokm35xlbf90pn8vz36	.eJxVjEsOwjAMBe-SNYrctElcluw5QxQ7NimgVupnhbg7VOoCtm9m3sukvK01bYvMaSjmbBDM6XekzA8Zd1LuebxNlqdxnQeyu2IPutjrVOR5Ody_g5qX-q01NNw57QpIrw0iEmgR8eRRJCIqZEdBvYOG2pYpOPYcO5eh9MBRzfsDIYc4mg:1uHIAj:3MIqhBvteRceTKgneEG_4lzK-hLUf5Vf6IMrBqF5elA	2025-06-03 08:18:01.275498+00
bgrfxff7oltd2wlxssy2ot7cwwjee1kj	.eJxVjDsOgzAQRO-ydYSALB-nitLnDGjtXQMJ2IhPESHuHjuiSTnvzcwOS9-6bWqYVoLbDtsis6NR4AYTbYNjGrWHC8hI_XDCNzFpf28jSowfg46zZv1McWdnkYGckRmOCzS0rV3z8z0HWyn4g5rMW1w0_CLX-nDo1rnXSawkp12Sp2cZHmf376CjpQvrki1XUqKINlcUXaSFDahAvCqVmRp1nStLFSOaHHWVWQ4xLRmVosykcHwBsC5bAA:1uFoQ9:JYyc2b024o4DYJD89eXwHXVFAnH4YkyNK2TZNiCcNJM	2025-05-30 06:19:49.528973+00
qklj52ce3fi4cq5nfu6gek4qclylwbkm	.eJxVjMEOwiAQRP-FsyFAaQGP3vsNze6y2KqBpLQn479bkh70Npn3Zt5ign2bp73yOi1RXIU24vJbItCTcyPxAfleJJW8rQvKpsiTVjmWyK_b6f4dzFDntu4IVG-tUm7wThEG4OS1txaxx56G6IlgCHxEsh0fogkakjMcwJskPl8Gwjgy:1uHHp8:59z-bfYRbwjlPhT3QSCh_R4v-4ZtBzEZ-NJ3mRHWBDs	2025-06-03 07:55:42.642121+00
weafsg0jkowlxef4yvn1vw140b0f1h3j	.eJwVy8sJwCAQRdFWwqxDCnCVCtKCPMxEBB3FDyGIvUe393I6FWelJX2jglSnVjgLApOiK9YtimHaiQOcnwku4YWUinza1Q4Tw_xL6fqlxZ7M7DFdpjF-cxEiQw:1uHI5d:UmCKL_R3z6KB_9zx47qwmzRUC6KYrKHMCtM_frqk28E	2025-06-03 08:12:45.021316+00
pse8lvyns62y2ccj4ejtwmu2iz4s8vn7	.eJxVjEEOwiAQRe_C2pAOBdq6dO8ZyDAzSNVAUtqV8e7apAvd_vfef6mA25rD1mQJM6uzsqBOv2NEekjZCd-x3KqmWtZljnpX9EGbvlaW5-Vw_w4ytvytKZJN3LOJjiBZm6TDARx5C3YUwwAdRu9GwQkYaTIC7NFESEL90IN6fwAtwzjU:1uKDyn:vRPJTqrJGpMPMQbprx51Bvj6QytpX_VJ1Pt85rJmhrI	2025-06-11 10:25:49.339123+00
9h8zrrtoketbt95sylqvgoiftaep2m43	.eJxVjDsOwjAQBe_iGlnZ-CdT0nMGa71r4wBypDipIu6OI6WA9s3M20XAbS1ha2kJE4urcFpcfseI9Er1IPzE-pglzXVdpigPRZ60yfvM6X073b-Dgq30ehiyjmbMCMiWjEPwDASUR0jKKmuUzexVF5IH77yNOoNCRZGxh058vhMrOF4:1uKVvb:ghDMFJjSWeijx7vOqzlSaJWBGZq-Fs7JguOPSkNWZhE	2025-06-12 05:35:43.721219+00
c15mcys8j5dvr6xpcul9fhb1o7llqxyp	.eJxVjDsOwjAQBe_iGln-xR9Kes5gre1dHEC2FCcV4u4QKQW0b2bei0XY1hq3gUucCzszL9npd0yQH9h2Uu7Qbp3n3tZlTnxX-EEHv_aCz8vh_h1UGPVbI4WcwetAkLXURoJwzoKWVllyighTgWkKzpCVTmgIxWAKQqMgVF6x9wcbSDg_:1uKWfM:VWhjc3W45YaFG6QR3lmxx7dwufKNos_78Je0wbPGnl0	2025-06-12 06:23:00.328127+00
wkhd4r25uwgi6g7bm4o7mbuynq0d2pbj	.eJxVjEEOwiAQRe_C2pAOBdq6dO8ZyDAzSNVAUtqV8e7apAvd_vfef6mA25rD1mQJM6uzsqBOv2NEekjZCd-x3KqmWtZljnpX9EGbvlaW5-Vw_w4ytvytKZJN3LOJjiBZm6TDARx5C3YUwwAdRu9GwQkYaTIC7NFESEL90IN6fwAtwzjU:1uKYQo:wRDQlsgkXOqp5QH0ezqu9zK0ca5yAO7m3gOJ8ey0zIU	2025-06-12 08:16:06.345646+00
qjnccmb1nqa59hl691vp06knhf8zgsn8	.eJxVjMEOwiAQRP-FsyFCtwU8evcbyC67laqBpLQn47_bJj1o5jKZNzNvFXFdclybzHFidVHeqtNvSJieUnbCDyz3qlMtyzyR3iv6oE3fKsvrenT_DjK2vK17oI4GSGgSAI4ScAAvLmyCs3E-SMdGBJgpGQvkZXPSWzLsEEdSny8YyTkt:1uL1CU:1tUuk6b-rC5zkSsZmqmBBIwZcPY9t1x0IZZhCJkleT4	2025-06-13 14:59:14.281054+00
wdllbna0wj5psnt1kn1inm0gzxtdvomg	.eJwVyzsOgCAQRdG9TG0MrVQuwR2QCY5IAgPhUxjC3mXK-_LOgOod92xubAh6QK9UGCOBhosaFdiAIvqwOksn-3pip9RxOtl3m-L6CDPty-KeQhSQ7cJz_orQIkg:1uLJ8H:_ZWoHBhW2oBjS3mSyu83Hc8fyreVcXQhcxyCNgs46e0	2025-06-14 10:08:05.705879+00
1l9fv8we8btcsydosmzu1f0evn2pamfk	.eJxVjMEOwiAQRP-FsyFCtwU8evcbyC67laqBpLQn47_bJj1o5jKZNzNvFXFdclybzHFidVHeqtNvSJieUnbCDyz3qlMtyzyR3iv6oE3fKsvrenT_DjK2vK17oI4GSGgSAI4ScAAvLmyCs3E-SMdGBJgpGQvkZXPSWzLsEEdSny8YyTkt:1uLyoe:PS2Ud-tWiibyepTgOWL4gTLT1_7mb3Alo-MfmvO5Kz0	2025-06-16 06:38:36.937985+00
1450o5lehto1c07at2bsahbudn6j00rw	.eJxVjMsOgjAUBf-la9O0wG2pS_d-A7kvLGpoQmFl_HclYaHbMzPnZQbc1jxsVZdhEnM2YE6_GyE_dN6B3HG-FctlXpeJ7K7Yg1Z7LaLPy-H-HWSs-VurMkPyyUXwFCl10Kpg3zSuhRiYO_U4kiftAaIEEByDShQOPpFDNe8P7uw4mg:1uNA4X:Nn3RDyZTYrrtOi0_8KPuTQCH7tCpCi-TktXRoWSfG-4	2025-06-19 12:51:53.089642+00
6ut6iu673rvuuakjr5y65z01fp3zzdwu	.eJxVjMsOgjAUBf-la9O0wG2pS_d-A7kvLGpoQmFl_HclYaHbMzPnZQbc1jxsVZdhEnM2YE6_GyE_dN6B3HG-FctlXpeJ7K7Yg1Z7LaLPy-H-HWSs-VurMkPyyUXwFCl10Kpg3zSuhRiYO_U4kiftAaIEEByDShQOPpFDNe8P7uw4mg:1uNXYp:PmWQT9LsL2F6X_O6nSLBRNUwGk4ZeIJfmQpAgLHVZbQ	2025-06-20 13:56:43.528202+00
v8xtf3hu0u2l5wc9ts491jab1j45xnp7	.eJxVjMsOgjAUBf-la9O0wG2pS_d-A7kvLGpoQmFl_HclYaHbMzPnZQbc1jxsVZdhEnM2YE6_GyE_dN6B3HG-FctlXpeJ7K7Yg1Z7LaLPy-H-HWSs-VurMkPyyUXwFCl10Kpg3zSuhRiYO_U4kiftAaIEEByDShQOPpFDNe8P7uw4mg:1uOAXT:J1rftz1xQO10yYupof-CqUUNU3uzmTD8NC44sNcBh7E	2025-06-22 07:33:55.367874+00
\.


--
-- Data for Name: invoicemgmt_invoice; Type: TABLE DATA; Schema: public; Owner: postgres
--

COPY public.invoicemgmt_invoice (id, invoice_number, invoice_date, due_date, total_amount, status, notes, created_at, updated_at, client_id) FROM stdin;
\.


--
-- Data for Name: invoicemgmt_invoicelineitem; Type: TABLE DATA; Schema: public; Owner: postgres
--

COPY public.invoicemgmt_invoicelineitem (id, description, quantity, rate, amount, invoice_id) FROM stdin;
\.


--
-- Data for Name: payment_payment; Type: TABLE DATA; Schema: public; Owner: postgres
--

COPY public.payment_payment (id, amount, ref, email, verified, date_created, job_id, user_id, extra_data) FROM stdin;
34	999	FZ46m4PjDYjttPOTCRPQrc-SX4jL7-JkJ7PVA0NjnAhjHTQ98rWOurwcVdmt39YUzQQ	shirish_468@live.in	f	2025-03-14 16:59:35.970569+00	34	36	{}
67	6777	iZ1-Ze7mj0_kl0EPqMEkKNCl2B28HC9FOYXsd1r3RC-tt6Msiul4hT9Nsb183PTjSsw	shirish_468@live.in	f	2025-03-18 11:58:35.57131+00	67	36	{}
104	50	I5iG1FXN4KQzzLAqP5fhOEp6Q8lQFBPkQWXQWfK63VR-vxvjqcjfYos9DX8vF0lCQw0	wendyachieng8@gmail.com	f	2025-04-30 09:25:23.485285+00	101	41	{"response_id": 35}
105	50	Tt-qfK8vjro8CHNrF9Hw0_kvKyuYEtC78HukpSrG6E_TykhMB8lJQAU_1CJ9a8aDToE	wendyachieng8@gmail.com	t	2025-04-30 09:26:58.316489+00	101	41	{"response_id": 36}
106	20	WNuis3xV2W6dwyW7_P8UtYJ1WwfJUQNeO1jeURk8r20-Gh2w05X5ZOtS3td980wlQek	wendyachieng8@gmail.com	t	2025-05-29 06:10:08.674316+00	104	41	{"response_id": 39}
108	1628	H3ckrgNu9vl5lcnrb6oCE1_o9_4i98zz_Om6HddXSVc3oMOzQPQMZt408wNuuvzgse8	nanjalacatherine05@gmail.com	f	2025-06-06 13:44:11.741855+00	106	87	{}
\.


--
-- Data for Name: payments_paypalpayments; Type: TABLE DATA; Schema: public; Owner: postgres
--

COPY public.payments_paypalpayments (id, invoice, amount, email, verified, status, extra_data, job_id, user_id) FROM stdin;
1	job-106	1628.00		f	pending	{}	106	87
\.


--
-- Data for Name: paypal_ipn; Type: TABLE DATA; Schema: public; Owner: postgres
--

COPY public.paypal_ipn (id, business, charset, custom, notify_version, parent_txn_id, receiver_email, receiver_id, residence_country, test_ipn, txn_id, txn_type, verify_sign, address_country, address_city, address_country_code, address_name, address_state, address_status, address_street, address_zip, contact_phone, first_name, last_name, payer_business_name, payer_email, payer_id, auth_amount, auth_exp, auth_id, auth_status, exchange_rate, invoice, item_name, item_number, mc_currency, mc_fee, mc_gross, mc_handling, mc_shipping, memo, num_cart_items, option_name1, option_name2, payer_status, payment_date, payment_gross, payment_status, payment_type, pending_reason, protection_eligibility, quantity, reason_code, remaining_settle, settle_amount, settle_currency, shipping, shipping_method, tax, transaction_entity, auction_buyer_id, auction_closing_date, auction_multi_item, for_auction, amount, amount_per_cycle, initial_payment_amount, next_payment_date, outstanding_balance, payment_cycle, period_type, product_name, product_type, profile_status, recurring_payment_id, rp_invoice_id, time_created, amount1, amount2, amount3, mc_amount1, mc_amount2, mc_amount3, password, period1, period2, period3, reattempt, recur_times, recurring, retry_at, subscr_date, subscr_effective, subscr_id, username, case_creation_date, case_id, case_type, receipt_id, currency_code, handling_amount, transaction_subject, ipaddress, flag, flag_code, flag_info, query, response, created_at, updated_at, from_view, mp_id, option_selection1, option_selection2) FROM stdin;
\.


--
-- Data for Name: token_blacklist_blacklistedtoken; Type: TABLE DATA; Schema: public; Owner: postgres
--

COPY public.token_blacklist_blacklistedtoken (id, blacklisted_at, token_id) FROM stdin;
\.


--
-- Data for Name: token_blacklist_outstandingtoken; Type: TABLE DATA; Schema: public; Owner: postgres
--

COPY public.token_blacklist_outstandingtoken (id, token, created_at, expires_at, user_id, jti) FROM stdin;
1	eyJhbGciOiJIUzI1NiIsInR5cCI6IkpXVCJ9.eyJ0b2tlbl90eXBlIjoicmVmcmVzaCIsImV4cCI6MTc0ODU5MDEwNSwiaWF0IjoxNzQ4NTAzNzA1LCJqdGkiOiI5NWYwMjJmNzJlN2I0ZTU2YTY4NmE2MTIzZWVhMDg5NyIsInVzZXJfaWQiOjgyfQ.g718FO19FfbfnGuqp0VkRWfXCoWaLilWpNIn8grS4NE	2025-05-29 07:28:25.199642+00	2025-05-30 07:28:25+00	82	95f022f72e7b4e56a686a6123eea0897
2	eyJhbGciOiJIUzI1NiIsInR5cCI6IkpXVCJ9.eyJ0b2tlbl90eXBlIjoicmVmcmVzaCIsImV4cCI6MTc0ODU5MDY3MiwiaWF0IjoxNzQ4NTA0MjcyLCJqdGkiOiI4ZTZiNDI2OGY3MmM0NWNhYWE5NDE1NmY1MmUwMGE3OSIsInVzZXJfaWQiOjgyfQ.emoZvE0qPJaHhFWpK2gN6pGZ0aYFRn-rtj56Zd_gosY	2025-05-29 07:37:52.081439+00	2025-05-30 07:37:52+00	82	8e6b4268f72c45caaa94156f52e00a79
3	eyJhbGciOiJIUzI1NiIsInR5cCI6IkpXVCJ9.eyJ0b2tlbl90eXBlIjoicmVmcmVzaCIsImV4cCI6MTc0ODU5MzQ2NSwiaWF0IjoxNzQ4NTA3MDY1LCJqdGkiOiI5YzZlOThhNzhjNTY0NTQ0YTgxOGRkNDg4ODViY2U4MCIsInVzZXJfaWQiOjgyfQ.ifoDydVdImjTSRsoYflzYCQOaCJy0KwfOhyNOWlKXmA	2025-05-29 08:24:25.896065+00	2025-05-30 08:24:25+00	82	9c6e98a78c564544a818dd48885bce80
4	eyJhbGciOiJIUzI1NiIsInR5cCI6IkpXVCJ9.eyJ0b2tlbl90eXBlIjoicmVmcmVzaCIsImV4cCI6MTc0ODYxOTIzOCwiaWF0IjoxNzQ4NTMyODM4LCJqdGkiOiIwMjY2MGM3YzI5ZWY0NjYxYjQxZDZjNGMxZjZiZDA2ZiIsInVzZXJfaWQiOjgyfQ.vHXJWLxDATKL_Yf9LlI5YwhS5_9sUyT1HImhlXdwmlk	2025-05-29 15:33:58.86164+00	2025-05-30 15:33:58+00	82	02660c7c29ef4661b41d6c4c1f6bd06f
5	eyJhbGciOiJIUzI1NiIsInR5cCI6IkpXVCJ9.eyJ0b2tlbl90eXBlIjoicmVmcmVzaCIsImV4cCI6MTc0ODY2OTc4OSwiaWF0IjoxNzQ4NTgzMzg5LCJqdGkiOiI1Yzc2NjFkMWZkOGM0YzdhODliYTg0MTcxNDNhODhkYSIsInVzZXJfaWQiOjgyfQ.vtnOLTjLu9pHDUS3qR0oRg_patlRCzt8JZI1jteG4e0	2025-05-30 05:36:29.409644+00	2025-05-31 05:36:29+00	82	5c7661d1fd8c4c7a89ba8417143a88da
6	eyJhbGciOiJIUzI1NiIsInR5cCI6IkpXVCJ9.eyJ0b2tlbl90eXBlIjoicmVmcmVzaCIsImV4cCI6MTc0ODcwMjExOSwiaWF0IjoxNzQ4NjE1NzE5LCJqdGkiOiJjNDllYTQzOWU0MTg0NTFmYjhlZjZmZGI0NmY5MTA4NyIsInVzZXJfaWQiOjgyfQ.gRCscbkpc28M3ukI8z6f5S3CK3RvaAJ_UoqfcqaJ7VQ	2025-05-30 14:35:19.794467+00	2025-05-31 14:35:19+00	82	c49ea439e418451fb8ef6fdb46f91087
7	eyJhbGciOiJIUzI1NiIsInR5cCI6IkpXVCJ9.eyJ0b2tlbl90eXBlIjoicmVmcmVzaCIsImV4cCI6MTc0ODcwMjY0OSwiaWF0IjoxNzQ4NjE2MjQ5LCJqdGkiOiI2YmU5NTA5Mzk2ZTY0MDc5OGI4MGE2NjJiZDAxOTFjNCIsInVzZXJfaWQiOjgyfQ.DZY8L1PJ8pr060iVCRQZ1YfhaRrqOn37fm5BzIoP8Bw	2025-05-30 14:44:09.050422+00	2025-05-31 14:44:09+00	82	6be9509396e640798b80a662bd0191c4
8	eyJhbGciOiJIUzI1NiIsInR5cCI6IkpXVCJ9.eyJ0b2tlbl90eXBlIjoicmVmcmVzaCIsImV4cCI6MTc0ODcwMzIxMCwiaWF0IjoxNzQ4NjE2ODEwLCJqdGkiOiI0YTMxOGY0MmEyYmY0YzY4OWI2NTdkOTQ4YjNiMWFlYiIsInVzZXJfaWQiOjgyfQ.6dwjSp6ZVcLx36vVJBN4DQRaLo4n7rNguvRz9LZ9UEc	2025-05-30 14:53:30.367207+00	2025-05-31 14:53:30+00	82	4a318f42a2bf4c689b657d948b3b1aeb
9	eyJhbGciOiJIUzI1NiIsInR5cCI6IkpXVCJ9.eyJ0b2tlbl90eXBlIjoicmVmcmVzaCIsImV4cCI6MTc0ODkyNTIzNCwiaWF0IjoxNzQ4ODM4ODM0LCJqdGkiOiJhNDc2MWMzOTkwODI0MmE1OGIzYmJiMTdjMmE5MWUxYyIsInVzZXJfaWQiOjgyfQ.CzhdzdeZ2Vsvz9u-64bnFgXpFwR8QZeII3EfijNgOxo	2025-06-02 04:33:54.147199+00	2025-06-03 04:33:54+00	82	a4761c39908242a58b3bbb17c2a91e1c
10	eyJhbGciOiJIUzI1NiIsInR5cCI6IkpXVCJ9.eyJ0b2tlbl90eXBlIjoicmVmcmVzaCIsImV4cCI6MTc0ODkzMzM2NywiaWF0IjoxNzQ4ODQ2OTY3LCJqdGkiOiJlZjAyZGM2MjViZTU0YmM3OTBjYWVhMjkyOGJjZWUxNyIsInVzZXJfaWQiOjgyfQ.mJc9IBCk1oNNdOe8WiqkDafe5YMBKbkGF5gY259Za_4	2025-06-02 06:49:27.019115+00	2025-06-03 06:49:27+00	82	ef02dc625be54bc790caea2928bcee17
11	eyJhbGciOiJIUzI1NiIsInR5cCI6IkpXVCJ9.eyJ0b2tlbl90eXBlIjoicmVmcmVzaCIsImV4cCI6MTc0OTAyNjMxOCwiaWF0IjoxNzQ4OTM5OTE4LCJqdGkiOiI5ZTE5MDZkMGUzZDU0YjlhODk5OWNiM2Q0M2U5Yjk1MSIsInVzZXJfaWQiOjg2fQ.TmsPo3brjsaqTPV_98zfVFZvS2xI731FgzcIrm_pY68	2025-06-03 08:38:38.160903+00	2025-06-04 08:38:38+00	86	9e1906d0e3d54b9a8999cb3d43e9b951
12	eyJhbGciOiJIUzI1NiIsInR5cCI6IkpXVCJ9.eyJ0b2tlbl90eXBlIjoicmVmcmVzaCIsImV4cCI6MTc0OTAyNzA1MSwiaWF0IjoxNzQ4OTQwNjUxLCJqdGkiOiI0MjJlNGMyYjIwM2U0ZjlmODI4YmZlZTI2NTYwNzNlYSIsInVzZXJfaWQiOjg2fQ.dfS77qRXcy_fUIn-yn_jwfEFmR6yxZx8AZknBk46R6Q	2025-06-03 08:50:51.154454+00	2025-06-04 08:50:51+00	86	422e4c2b203e4f9f828bfee2656073ea
13	eyJhbGciOiJIUzI1NiIsInR5cCI6IkpXVCJ9.eyJ0b2tlbl90eXBlIjoicmVmcmVzaCIsImV4cCI6MTc0OTAyNzMwOCwiaWF0IjoxNzQ4OTQwOTA4LCJqdGkiOiJhZGI4YTJiMjMzOWU0ZjExYjM5OTUyNjkwMDU3MGY2OSIsInVzZXJfaWQiOjg2fQ.ab5oFkxULXaUnr-OcZTICzhDtNqwdF1MB7QiofNuKj0	2025-06-03 08:55:08.07687+00	2025-06-04 08:55:08+00	86	adb8a2b2339e4f11b399526900570f69
14	eyJhbGciOiJIUzI1NiIsInR5cCI6IkpXVCJ9.eyJ0b2tlbl90eXBlIjoicmVmcmVzaCIsImV4cCI6MTc0OTAyNzMxMSwiaWF0IjoxNzQ4OTQwOTExLCJqdGkiOiI4M2FjMDVlOWZmZmY0NThjOWJiNjBjNDUwZTlmZGFiYSIsInVzZXJfaWQiOjg2fQ.OEeidrHuJsHg0daKE21d1lPa9VCJCApHIejOYy9xt3I	2025-06-03 08:55:11.292816+00	2025-06-04 08:55:11+00	86	83ac05e9ffff458c9bb60c450e9fdaba
15	eyJhbGciOiJIUzI1NiIsInR5cCI6IkpXVCJ9.eyJ0b2tlbl90eXBlIjoicmVmcmVzaCIsImV4cCI6MTc0OTAyNzM3NywiaWF0IjoxNzQ4OTQwOTc3LCJqdGkiOiI1MWU2OWFmYjYyZDM0ZmY0YTYyN2I2YTUwYjYwNmJkOSIsInVzZXJfaWQiOjg2fQ.WeA2RinzEei0B2v8hMfaTlWUfn5kvPrl830JGWUuU1A	2025-06-03 08:56:17.297706+00	2025-06-04 08:56:17+00	86	51e69afb62d34ff4a627b6a50b606bd9
16	eyJhbGciOiJIUzI1NiIsInR5cCI6IkpXVCJ9.eyJ0b2tlbl90eXBlIjoicmVmcmVzaCIsImV4cCI6MTc0OTAyNzU0NiwiaWF0IjoxNzQ4OTQxMTQ2LCJqdGkiOiIwNjcyMDlhNGYyYjc0YzE0OWMxOGRmNmY0N2YwY2RhYSIsInVzZXJfaWQiOjg3fQ.apR49L-lJw-sTC3SQMNxKrZbuHMXe2osKEuWEoo812k	2025-06-03 08:59:06.966478+00	2025-06-04 08:59:06+00	87	067209a4f2b74c149c18df6f47f0cdaa
17	eyJhbGciOiJIUzI1NiIsInR5cCI6IkpXVCJ9.eyJ0b2tlbl90eXBlIjoicmVmcmVzaCIsImV4cCI6MTc0OTAyOTAxNSwiaWF0IjoxNzQ4OTQyNjE1LCJqdGkiOiJjNTM0ZGU3N2Y0YjE0ODU5YmM4MjhhYjZlNTk4MGQ4ZSIsInVzZXJfaWQiOjg3fQ.yqQkpgx-TenuOCYI7UTSPl9KBFZvanu9MZDoQBEMc3Y	2025-06-03 09:23:35.556429+00	2025-06-04 09:23:35+00	87	c534de77f4b14859bc828ab6e5980d8e
18	eyJhbGciOiJIUzI1NiIsInR5cCI6IkpXVCJ9.eyJ0b2tlbl90eXBlIjoicmVmcmVzaCIsImV4cCI6MTc0OTAzNzExMCwiaWF0IjoxNzQ4OTUwNzEwLCJqdGkiOiI2NjEyODUwNDZjMjA0MDQ3Yjk4MWY4ODFjMTJjOGQ0MiIsInVzZXJfaWQiOjg3fQ.n3d9w5EnutnHaHsmJzU_BHZXCRfIck6rlA8SWBPtEII	2025-06-03 11:38:30.610495+00	2025-06-04 11:38:30+00	87	661285046c204047b981f881c12c8d42
19	eyJhbGciOiJIUzI1NiIsInR5cCI6IkpXVCJ9.eyJ0b2tlbl90eXBlIjoicmVmcmVzaCIsImV4cCI6MTc0OTAzNzIxMiwiaWF0IjoxNzQ4OTUwODEyLCJqdGkiOiI0MzZiZDVkNGIzNzM0OTM3ODY0NTMzMmEzZmIxNjFiMiIsInVzZXJfaWQiOjg3fQ.8ii7niJeFlR-C27D4l0RIu7WMlW9r-dXs-woPRwaVyI	2025-06-03 11:40:12.61097+00	2025-06-04 11:40:12+00	87	436bd5d4b37349378645332a3fb161b2
20	eyJhbGciOiJIUzI1NiIsInR5cCI6IkpXVCJ9.eyJ0b2tlbl90eXBlIjoicmVmcmVzaCIsImV4cCI6MTc0OTA0MTE4NSwiaWF0IjoxNzQ4OTU0Nzg1LCJqdGkiOiIyNTQzODAwZTBlMjg0ODljOTFkMTZmN2VkODUxYWE3MSIsInVzZXJfaWQiOjg3fQ.NumhOKXUfj8VUWH0tKSm5EQIvp3iaDhkDIXLfurMboM	2025-06-03 12:46:25.085502+00	2025-06-04 12:46:25+00	87	2543800e0e28489c91d16f7ed851aa71
21	eyJhbGciOiJIUzI1NiIsInR5cCI6IkpXVCJ9.eyJ0b2tlbl90eXBlIjoicmVmcmVzaCIsImV4cCI6MTc0OTA0NTI0NiwiaWF0IjoxNzQ4OTU4ODQ2LCJqdGkiOiJjMjQ0MzExMDMzZmI0ZmIwYmVmNDE4ZmViYjI2YmY0ZCIsInVzZXJfaWQiOjg3fQ.Dx193wLXOO_nEs0ggMV7dvKypsfAHjU084aBVB7P8Ao	2025-06-03 13:54:06.606718+00	2025-06-04 13:54:06+00	87	c244311033fb4fb0bef418febb26bf4d
22	eyJhbGciOiJIUzI1NiIsInR5cCI6IkpXVCJ9.eyJ0b2tlbl90eXBlIjoicmVmcmVzaCIsImV4cCI6MTc0OTA0NTY3MSwiaWF0IjoxNzQ4OTU5MjcxLCJqdGkiOiI1NjNlMWY4ODRjYjg0NDMwOTU1YWQ2NmRhNWFmY2ZlOCIsInVzZXJfaWQiOjg3fQ.-MzB60kbxaamEKtelx4ojhZfS2Qh5X0yIBbMQAzi-GA	2025-06-03 14:01:11.081164+00	2025-06-04 14:01:11+00	87	563e1f884cb84430955ad66da5afcfe8
23	eyJhbGciOiJIUzI1NiIsInR5cCI6IkpXVCJ9.eyJ0b2tlbl90eXBlIjoicmVmcmVzaCIsImV4cCI6MTc0OTA2NTk5MCwiaWF0IjoxNzQ4OTc5NTkwLCJqdGkiOiJkNDc2MTExNTAwZDA0MzE4ODkyNjZjN2EyNTQ3MTdlNiIsInVzZXJfaWQiOjg3fQ.QRCU-ezLeHD1h8O4bAXSFZH2M94NTEjtOHkZcMDJKHI	2025-06-03 19:39:50.374388+00	2025-06-04 19:39:50+00	87	d476111500d0431889266c7a254717e6
24	eyJhbGciOiJIUzI1NiIsInR5cCI6IkpXVCJ9.eyJ0b2tlbl90eXBlIjoicmVmcmVzaCIsImV4cCI6MTc0OTA3MDA5MCwiaWF0IjoxNzQ4OTgzNjkwLCJqdGkiOiI2ODM2ZDZhYTk5YTM0OTI3YTQ4NjdhN2I0ZGE4MjYyNiIsInVzZXJfaWQiOjg3fQ.BPH3QlW5tf54kvT_uhHwTjY-6x4677iNs9mcE56aSuA	2025-06-03 20:48:10.975179+00	2025-06-04 20:48:10+00	87	6836d6aa99a34927a4867a7b4da82626
25	eyJhbGciOiJIUzI1NiIsInR5cCI6IkpXVCJ9.eyJ0b2tlbl90eXBlIjoicmVmcmVzaCIsImV4cCI6MTc0OTA5NTM0MSwiaWF0IjoxNzQ5MDA4OTQxLCJqdGkiOiIyMGVkMjUyMmFlY2M0NDJhYmQ2MDFlZGYyNzkwMGY4MCIsInVzZXJfaWQiOjg3fQ.vsNgvHI597cf_nHIQplsiuiKtXKmYp2Jf5wXrIMaetM	2025-06-04 03:49:01.355244+00	2025-06-05 03:49:01+00	87	20ed2522aecc442abd601edf27900f80
26	eyJhbGciOiJIUzI1NiIsInR5cCI6IkpXVCJ9.eyJ0b2tlbl90eXBlIjoicmVmcmVzaCIsImV4cCI6MTc0OTEwNDAwNiwiaWF0IjoxNzQ5MDE3NjA2LCJqdGkiOiI2YTY5MDU2Nzk4ZTE0YWJjOTJkYzIzMDQyM2Q0NDY2YiIsInVzZXJfaWQiOjg3fQ.UyFB3JXbJXFKRqaIiIE-ZP8kpHv_hyHqmuyq4Ywjbpg	2025-06-04 06:13:26.931876+00	2025-06-05 06:13:26+00	87	6a69056798e14abc92dc230423d4466b
27	eyJhbGciOiJIUzI1NiIsInR5cCI6IkpXVCJ9.eyJ0b2tlbl90eXBlIjoicmVmcmVzaCIsImV4cCI6MTc0OTEwNjY3NywiaWF0IjoxNzQ5MDIwMjc3LCJqdGkiOiJmYTE3NWEwOTE0YzY0MGY5ODQxOWE4YzNkOWZmM2UxNiIsInVzZXJfaWQiOjg3fQ.ICpMBKf8t3gPbQr1jD_zAGI7UaQGBC6qkEBEidj_UmY	2025-06-04 06:57:57.723492+00	2025-06-05 06:57:57+00	87	fa175a0914c640f98419a8c3d9ff3e16
28	eyJhbGciOiJIUzI1NiIsInR5cCI6IkpXVCJ9.eyJ0b2tlbl90eXBlIjoicmVmcmVzaCIsImV4cCI6MTc0OTExMDQ5OCwiaWF0IjoxNzQ5MDI0MDk4LCJqdGkiOiJhNGMxNDAwMjNkYmY0NDZmOWQ3MDc3ZDdlMzQxYTExNCIsInVzZXJfaWQiOjg3fQ.xmoBmDD1zx8eoqthNr-6NqDyNhP6rrssjGL5uKMVzrE	2025-06-04 08:01:38.850333+00	2025-06-05 08:01:38+00	87	a4c140023dbf446f9d7077d7e341a114
29	eyJhbGciOiJIUzI1NiIsInR5cCI6IkpXVCJ9.eyJ0b2tlbl90eXBlIjoicmVmcmVzaCIsImV4cCI6MTc0OTExMjI5NSwiaWF0IjoxNzQ5MDI1ODk1LCJqdGkiOiI3MWFiYjE0ZTE5NDM0NjQ0YmJiOGYzMDQyZGI1N2E4YiIsInVzZXJfaWQiOjg3fQ.AL6qx9Bv_atnmVHE9ZmnmoyDCAaUkziypNwUp4OIB7M	2025-06-04 08:31:35.297169+00	2025-06-05 08:31:35+00	87	71abb14e19434644bbb8f3042db57a8b
30	eyJhbGciOiJIUzI1NiIsInR5cCI6IkpXVCJ9.eyJ0b2tlbl90eXBlIjoicmVmcmVzaCIsImV4cCI6MTc0OTExMzI3MSwiaWF0IjoxNzQ5MDI2ODcxLCJqdGkiOiIxZjhmNmU1ODNmMTg0NzRiYWI0ZmJjZmMyMWI4OGM1OCIsInVzZXJfaWQiOjg3fQ.uJrhx59UVQcyY36o_3bpMiN0esZEQiBLTr4wJkJW_Q8	2025-06-04 08:47:51.240974+00	2025-06-05 08:47:51+00	87	1f8f6e583f18474bab4fbcfc21b88c58
31	eyJhbGciOiJIUzI1NiIsInR5cCI6IkpXVCJ9.eyJ0b2tlbl90eXBlIjoicmVmcmVzaCIsImV4cCI6MTc0OTExMzM2OSwiaWF0IjoxNzQ5MDI2OTY5LCJqdGkiOiJhY2MzZjk5ODMxMWQ0ZTI3YWFlOTY0ZmM5NjY2Mjk0ZCIsInVzZXJfaWQiOjgyfQ.RywACu13RQoVmoPxYE5mcV5KL4cGYP5Ke-gORWBYrMw	2025-06-04 08:49:29.040467+00	2025-06-05 08:49:29+00	82	acc3f998311d4e27aae964fc9666294d
32	eyJhbGciOiJIUzI1NiIsInR5cCI6IkpXVCJ9.eyJ0b2tlbl90eXBlIjoicmVmcmVzaCIsImV4cCI6MTc0OTExNDAyMiwiaWF0IjoxNzQ5MDI3NjIyLCJqdGkiOiIxNWZmODE4ZDA4ZTE0MmJiOWFiZTJkNjNiYTNjYTdkYiIsInVzZXJfaWQiOjg3fQ.Dgu_hEBFhjol7l4Ah3NLFdOkRsxFEFqcAPg7zDjy6eA	2025-06-04 09:00:22.012146+00	2025-06-05 09:00:22+00	87	15ff818d08e142bb9abe2d63ba3ca7db
33	eyJhbGciOiJIUzI1NiIsInR5cCI6IkpXVCJ9.eyJ0b2tlbl90eXBlIjoicmVmcmVzaCIsImV4cCI6MTc0OTExOTgzNywiaWF0IjoxNzQ5MDMzNDM3LCJqdGkiOiJmODg0MmU4OTE0MWY0Mjg2OTIwOTk4NTY0YjlkZTIzZiIsInVzZXJfaWQiOjg3fQ.sm-sV1-XJZU7sdtth49mRFeoFAtUoDCQfedSpJ__E24	2025-06-04 10:37:17.387801+00	2025-06-05 10:37:17+00	87	f8842e89141f4286920998564b9de23f
34	eyJhbGciOiJIUzI1NiIsInR5cCI6IkpXVCJ9.eyJ0b2tlbl90eXBlIjoicmVmcmVzaCIsImV4cCI6MTc0OTE0NjkwMCwiaWF0IjoxNzQ5MDYwNTAwLCJqdGkiOiIzY2MzZjYzZmIyOWY0NmJkYmRjYTZhNjVlZTJiNGQ4ZiIsInVzZXJfaWQiOjg3fQ.HPXptyTm0WuL3jrY1sBSkr71J93_jUSFJiPFmOQLY2g	2025-06-04 18:08:20.285895+00	2025-06-05 18:08:20+00	87	3cc3f63fb29f46bdbdca6a65ee2b4d8f
35	eyJhbGciOiJIUzI1NiIsInR5cCI6IkpXVCJ9.eyJ0b2tlbl90eXBlIjoicmVmcmVzaCIsImV4cCI6MTc0OTE0NzUyOCwiaWF0IjoxNzQ5MDYxMTI4LCJqdGkiOiI5YjhjZTEzODkzZjg0MTY4YWEzZDE0YTlkMDQ5YmQyNCIsInVzZXJfaWQiOjg3fQ.nbXcd8yWX34QRrh5UVl_yeEKRXdWtsDNwaJnIgPt00s	2025-06-04 18:18:48.141314+00	2025-06-05 18:18:48+00	87	9b8ce13893f84168aa3d14a9d049bd24
36	eyJhbGciOiJIUzI1NiIsInR5cCI6IkpXVCJ9.eyJ0b2tlbl90eXBlIjoicmVmcmVzaCIsImV4cCI6MTc0OTE0ODA1OCwiaWF0IjoxNzQ5MDYxNjU4LCJqdGkiOiIxMzRiNzdjZTFhOGU0Y2U5OTY2MmY0Y2NlYzhmNjAzYyIsInVzZXJfaWQiOjg3fQ.MWxFaJcKj7tAxcFyYhuqBnIPco8VuA3syJou0qC9q-g	2025-06-04 18:27:38.070159+00	2025-06-05 18:27:38+00	87	134b77ce1a8e4ce99662f4ccec8f603c
37	eyJhbGciOiJIUzI1NiIsInR5cCI6IkpXVCJ9.eyJ0b2tlbl90eXBlIjoicmVmcmVzaCIsImV4cCI6MTc0OTE1MTI2OSwiaWF0IjoxNzQ5MDY0ODY5LCJqdGkiOiJmMDYzZTVkYjRmZGU0M2MwYTg5NDgwMGQwYzEzMDM2YSIsInVzZXJfaWQiOjg3fQ.SB9imfnOhQJw-844nsFfY39BpyT2fQB0hU0TFCpVzZs	2025-06-04 19:21:09.961361+00	2025-06-05 19:21:09+00	87	f063e5db4fde43c0a894800d0c13036a
38	eyJhbGciOiJIUzI1NiIsInR5cCI6IkpXVCJ9.eyJ0b2tlbl90eXBlIjoicmVmcmVzaCIsImV4cCI6MTc0OTE1NTE2MywiaWF0IjoxNzQ5MDY4NzYzLCJqdGkiOiJlYjU4YmNjMDVlNzY0ZjJjYjYxOTI1ODkwMTY5N2I1MCIsInVzZXJfaWQiOjg3fQ.Q2eUGRmByduBeBLy7uxvoI8sf9AYyPHnTS7Oy3P7XKU	2025-06-04 20:26:03.85459+00	2025-06-05 20:26:03+00	87	eb58bcc05e764f2cb619258901697b50
39	eyJhbGciOiJIUzI1NiIsInR5cCI6IkpXVCJ9.eyJ0b2tlbl90eXBlIjoicmVmcmVzaCIsImV4cCI6MTc0OTE1NTE4MywiaWF0IjoxNzQ5MDY4NzgzLCJqdGkiOiI1ODE3NTRjNWQ2Y2E0Y2E0OGEwMmY2MTYzZjRiY2JmNiIsInVzZXJfaWQiOjg3fQ.WFYpCBPe4zXWJGUObZOjrRvYyx8zk-b1L9CpBP92P-k	2025-06-04 20:26:23.671664+00	2025-06-05 20:26:23+00	87	581754c5d6ca4ca48a02f6163f4bcbf6
40	eyJhbGciOiJIUzI1NiIsInR5cCI6IkpXVCJ9.eyJ0b2tlbl90eXBlIjoicmVmcmVzaCIsImV4cCI6MTc0OTE1OTU1MiwiaWF0IjoxNzQ5MDczMTUyLCJqdGkiOiJkMzZiYjk1ZDQwN2M0ZDk4YjM4MzMzYzZmMDAzMDM3MiIsInVzZXJfaWQiOjg3fQ.7-l6sCFSzIcQzRfkwci4h3dxssgso5-F_O7HBbnsEKw	2025-06-04 21:39:12.636713+00	2025-06-05 21:39:12+00	87	d36bb95d407c4d98b38333c6f0030372
41	eyJhbGciOiJIUzI1NiIsInR5cCI6IkpXVCJ9.eyJ0b2tlbl90eXBlIjoicmVmcmVzaCIsImV4cCI6MTc0OTE2MzIzMiwiaWF0IjoxNzQ5MDc2ODMyLCJqdGkiOiI4N2M0ZTFlNDA5MjY0MWRkOWQwZmM0NTg2NTA0NDE0MyIsInVzZXJfaWQiOjg3fQ.zP0CLSoc7Qm5YfdGCML-XwIOik-2UvPRTcqb-umVhDw	2025-06-04 22:40:32.579745+00	2025-06-05 22:40:32+00	87	87c4e1e4092641dd9d0fc45865044143
42	eyJhbGciOiJIUzI1NiIsInR5cCI6IkpXVCJ9.eyJ0b2tlbl90eXBlIjoicmVmcmVzaCIsImV4cCI6MTc0OTE2MzI2NiwiaWF0IjoxNzQ5MDc2ODY2LCJqdGkiOiIxZTJjNDU0NWFlMzU0NzY5OGY3ZGUzYmZmYWI3YTFkNyIsInVzZXJfaWQiOjg3fQ.n3WH9A3hohEJSw9LhMSAK6GxX2jZDS3jKilQg6PCb2M	2025-06-04 22:41:06.621385+00	2025-06-05 22:41:06+00	87	1e2c4545ae3547698f7de3bffab7a1d7
43	eyJhbGciOiJIUzI1NiIsInR5cCI6IkpXVCJ9.eyJ0b2tlbl90eXBlIjoicmVmcmVzaCIsImV4cCI6MTc0OTE4Nzk4NSwiaWF0IjoxNzQ5MTAxNTg1LCJqdGkiOiI1ZmRhNjFkY2NkNTY0N2FhYTExMjNlMDBlOGVlMGQ1ZCIsInVzZXJfaWQiOjg3fQ.NrRygtpayROZzfAsCbFmmP5m2EXcPZCSvjorilF2qV0	2025-06-05 05:33:05.678029+00	2025-06-06 05:33:05+00	87	5fda61dccd5647aaa1123e00e8ee0d5d
44	eyJhbGciOiJIUzI1NiIsInR5cCI6IkpXVCJ9.eyJ0b2tlbl90eXBlIjoicmVmcmVzaCIsImV4cCI6MTc0OTE4OTUzOCwiaWF0IjoxNzQ5MTAzMTM4LCJqdGkiOiJkZTc4MWYwYjg5ODE0YjlmOWQ2ZDQ3NjU5MzhhNTkxYSIsInVzZXJfaWQiOjg3fQ.Cz5VoM_ANqP52RKXJicY2WVJanQXbqvxp4ouZq41WMA	2025-06-05 05:58:58.612315+00	2025-06-06 05:58:58+00	87	de781f0b89814b9f9d6d4765938a591a
45	eyJhbGciOiJIUzI1NiIsInR5cCI6IkpXVCJ9.eyJ0b2tlbl90eXBlIjoicmVmcmVzaCIsImV4cCI6MTc0OTE5MTY0NSwiaWF0IjoxNzQ5MTA1MjQ1LCJqdGkiOiIzZGZjNThmYTEyZGU0MGFiYjBlOTY4YzVmMTUxYjdkYSIsInVzZXJfaWQiOjg3fQ.5hORYUIxPqptRMZGLiHDa970Yk_PjxpJq6IE1locnZY	2025-06-05 06:34:05.679125+00	2025-06-06 06:34:05+00	87	3dfc58fa12de40abb0e968c5f151b7da
46	eyJhbGciOiJIUzI1NiIsInR5cCI6IkpXVCJ9.eyJ0b2tlbl90eXBlIjoicmVmcmVzaCIsImV4cCI6MTc0OTE5NTk5NywiaWF0IjoxNzQ5MTA5NTk3LCJqdGkiOiI1MDg3ODk1MDQ2NzI0NjAwYWQ2ZjU1OTY4NThkODA0MyIsInVzZXJfaWQiOjg3fQ.vl8-IHw557GX-q2uCDQhIehFRaRugNlsDPDydKOxn8I	2025-06-05 07:46:37.121004+00	2025-06-06 07:46:37+00	87	5087895046724600ad6f5596858d8043
47	eyJhbGciOiJIUzI1NiIsInR5cCI6IkpXVCJ9.eyJ0b2tlbl90eXBlIjoicmVmcmVzaCIsImV4cCI6MTc0OTE5NjE4OSwiaWF0IjoxNzQ5MTA5Nzg5LCJqdGkiOiI5NWU5ZWJlOTc5MGY0MTZmYWFlZjY0ZDRkZWM4MWZkYyIsInVzZXJfaWQiOjg3fQ.XeIUarzYZz4BVby8RVaRMa5OlTV4-KIwOFprz5YFh3c	2025-06-05 07:49:49.028106+00	2025-06-06 07:49:49+00	87	95e9ebe9790f416faaef64d4dec81fdc
48	eyJhbGciOiJIUzI1NiIsInR5cCI6IkpXVCJ9.eyJ0b2tlbl90eXBlIjoicmVmcmVzaCIsImV4cCI6MTc0OTIwMDMwMSwiaWF0IjoxNzQ5MTEzOTAxLCJqdGkiOiJiMTFiYjg4NjNkMTg0MTg3YTZiMmIzNzhlZjQ5ZDg4ZSIsInVzZXJfaWQiOjg3fQ.gl6pkKUsGAe4JH4ebIZkryw1ySir69iCSyUPeo5eL3w	2025-06-05 08:58:21.482027+00	2025-06-06 08:58:21+00	87	b11bb8863d184187a6b2b378ef49d88e
49	eyJhbGciOiJIUzI1NiIsInR5cCI6IkpXVCJ9.eyJ0b2tlbl90eXBlIjoicmVmcmVzaCIsImV4cCI6MTc0OTIwOTEzNSwiaWF0IjoxNzQ5MTIyNzM1LCJqdGkiOiJhMjUzZjE4ZDU5NTk0NDJhYmQxYmYzYjc2ZmE3MWY0NyIsInVzZXJfaWQiOjgyfQ.YhNvK3AWkzCSMZOICF3ARnrPWqhOKw0EGIzy7BEQwFA	2025-06-05 11:25:35.999819+00	2025-06-06 11:25:35+00	82	a253f18d5959442abd1bf3b76fa71f47
50	eyJhbGciOiJIUzI1NiIsInR5cCI6IkpXVCJ9.eyJ0b2tlbl90eXBlIjoicmVmcmVzaCIsImV4cCI6MTc0OTIxMjAxOCwiaWF0IjoxNzQ5MTI1NjE4LCJqdGkiOiJjZjIzMGI3OWMzYzU0MjNmODE2ZjdmNzRlYjUwNTdmNSIsInVzZXJfaWQiOjg3fQ.3hp8wnvDpWsRdL4U0OGSjK-7Sgipx2XHHAUFM4mb-x8	2025-06-05 12:13:38.414865+00	2025-06-06 12:13:38+00	87	cf230b79c3c5423f816f7f74eb5057f5
51	eyJhbGciOiJIUzI1NiIsInR5cCI6IkpXVCJ9.eyJ0b2tlbl90eXBlIjoicmVmcmVzaCIsImV4cCI6MTc0OTIxMzI4MSwiaWF0IjoxNzQ5MTI2ODgxLCJqdGkiOiJkNzA2MGJiNmZiMWY0MDc1OTUzYzBmMzQ2OWUyYjRjOSIsInVzZXJfaWQiOjg3fQ.1r4vARLqyGiwrq35z9hx48ZXlKHm5XfaRvmRAGNp9QU	2025-06-05 12:34:41.871822+00	2025-06-06 12:34:41+00	87	d7060bb6fb1f4075953c0f3469e2b4c9
52	eyJhbGciOiJIUzI1NiIsInR5cCI6IkpXVCJ9.eyJ0b2tlbl90eXBlIjoicmVmcmVzaCIsImV4cCI6MTc0OTIxNTAwOCwiaWF0IjoxNzQ5MTI4NjA4LCJqdGkiOiJiYTU1YWYxNjQyZTg0YmI1OTQyMjQyNmFkZmU1NjBiYSIsInVzZXJfaWQiOjkwfQ.y93dXSkfzhtQ4rtO3FGOhRWHUrsch5XYEnQmfyx0HOQ	2025-06-05 13:03:28.20351+00	2025-06-06 13:03:28+00	90	ba55af1642e84bb59422426adfe560ba
53	eyJhbGciOiJIUzI1NiIsInR5cCI6IkpXVCJ9.eyJ0b2tlbl90eXBlIjoicmVmcmVzaCIsImV4cCI6MTc0OTIxNzQ0OSwiaWF0IjoxNzQ5MTMxMDQ5LCJqdGkiOiIxNTAzYTAxODc0MWQ0NzI0YjE3NjdhMGI2ZGVhZWU1MiIsInVzZXJfaWQiOjg2fQ.9hCwcuwxIXeMHCWp0njPBoiHKJ-8KMmVpRWgvfUwen4	2025-06-05 13:44:09.260316+00	2025-06-06 13:44:09+00	86	1503a018741d4724b1767a0b6deaee52
54	eyJhbGciOiJIUzI1NiIsInR5cCI6IkpXVCJ9.eyJ0b2tlbl90eXBlIjoicmVmcmVzaCIsImV4cCI6MTc0OTIxOTIwNywiaWF0IjoxNzQ5MTMyODA3LCJqdGkiOiIzMmUzNzkxNzZlZTY0NTMwOWQzMDE4ZGY5MjRlNTQ4NyIsInVzZXJfaWQiOjV9.DroENJzsHIsgAc0ZY9LaVqcsSEWrdTJUaHgwGCjpwMI	2025-06-05 14:13:27.060334+00	2025-06-06 14:13:27+00	5	32e379176ee645309d3018df924e5487
55	eyJhbGciOiJIUzI1NiIsInR5cCI6IkpXVCJ9.eyJ0b2tlbl90eXBlIjoicmVmcmVzaCIsImV4cCI6MTc0OTIyMTkxOCwiaWF0IjoxNzQ5MTM1NTE4LCJqdGkiOiJlZGE0NmM4MzY1M2Y0NDBmOTlkNjI4OWU5NjgyZDFkMSIsInVzZXJfaWQiOjg2fQ.nDFwiYHVUyTqj6-EaOsgfc609i8wdDr0LbaP4CyEUto	2025-06-05 14:58:38.598909+00	2025-06-06 14:58:38+00	86	eda46c83653f440f99d6289e9682d1d1
56	eyJhbGciOiJIUzI1NiIsInR5cCI6IkpXVCJ9.eyJ0b2tlbl90eXBlIjoicmVmcmVzaCIsImV4cCI6MTc0OTIyMzE1MCwiaWF0IjoxNzQ5MTM2NzUwLCJqdGkiOiIwNDhjZmNkZDY3MjM0NzljOGEwMTU1NjI0ZmRiN2MxNyIsInVzZXJfaWQiOjV9.gBys5xstHTXuChd5Vwcp_DG5VFz_GqYNtokizURizUw	2025-06-05 15:19:10.567363+00	2025-06-06 15:19:10+00	5	048cfcdd6723479c8a0155624fdb7c17
57	eyJhbGciOiJIUzI1NiIsInR5cCI6IkpXVCJ9.eyJ0b2tlbl90eXBlIjoicmVmcmVzaCIsImV4cCI6MTc0OTIyMzc0MywiaWF0IjoxNzQ5MTM3MzQzLCJqdGkiOiJlOWM5MjNjY2I3NmM0YTkzOWQzYzA4NzM3NzQzM2U2ZSIsInVzZXJfaWQiOjg3fQ.-Yg0wGWlZdXPYCfQDzWM3N0s-Lxdmk3rSADUO1gsJRc	2025-06-05 15:29:03.658461+00	2025-06-06 15:29:03+00	87	e9c923ccb76c4a939d3c087377433e6e
58	eyJhbGciOiJIUzI1NiIsInR5cCI6IkpXVCJ9.eyJ0b2tlbl90eXBlIjoicmVmcmVzaCIsImV4cCI6MTc0OTIyMzc1OCwiaWF0IjoxNzQ5MTM3MzU4LCJqdGkiOiJjOWZmMDM1N2I5MGQ0ZDQyODQ3OGIxZGYzOGZlMTMwZSIsInVzZXJfaWQiOjg3fQ.kaQvvxuNtKlbamOSoMz5vFfuwzS3IViTyCm1QqS8HkI	2025-06-05 15:29:18.699403+00	2025-06-06 15:29:18+00	87	c9ff0357b90d4d428478b1df38fe130e
59	eyJhbGciOiJIUzI1NiIsInR5cCI6IkpXVCJ9.eyJ0b2tlbl90eXBlIjoicmVmcmVzaCIsImV4cCI6MTc0OTIyNDA1OSwiaWF0IjoxNzQ5MTM3NjU5LCJqdGkiOiI0ZGY3MDk3YzFlYzQ0Y2FiOWI0ZTg5ODhjNWJhNDc5ZiIsInVzZXJfaWQiOjg3fQ.P160jDv35JwXHfreYy__sBMzFAiagC0ZhFQftA9fp-M	2025-06-05 15:34:19.97886+00	2025-06-06 15:34:19+00	87	4df7097c1ec44cab9b4e8988c5ba479f
60	eyJhbGciOiJIUzI1NiIsInR5cCI6IkpXVCJ9.eyJ0b2tlbl90eXBlIjoicmVmcmVzaCIsImV4cCI6MTc0OTI4ODg3NywiaWF0IjoxNzQ5MjAyNDc3LCJqdGkiOiIwMDViMjU5ZjkxNTU0MGU2ODk1MTYxZGRmMjhmMDQwYSIsInVzZXJfaWQiOjg3fQ.2b2sAwEJsocqQiR-KMbAJ9otuHLdtemdE3teerKbows	2025-06-06 09:34:37.280426+00	2025-06-07 09:34:37+00	87	005b259f915540e6895161ddf28f040a
61	eyJhbGciOiJIUzI1NiIsInR5cCI6IkpXVCJ9.eyJ0b2tlbl90eXBlIjoicmVmcmVzaCIsImV4cCI6MTc0OTI5MDc1MCwiaWF0IjoxNzQ5MjA0MzUwLCJqdGkiOiJjMzM3OGI3NWEwZTE0NjY2YmFjODBhMjFjYjZlMDE3MSIsInVzZXJfaWQiOjV9.M4xgeoDbTadWXM0prsov_bCISCNQAc2BN9MlY1G_KSY	2025-06-06 10:05:50.514822+00	2025-06-07 10:05:50+00	5	c3378b75a0e14666bac80a21cb6e0171
62	eyJhbGciOiJIUzI1NiIsInR5cCI6IkpXVCJ9.eyJ0b2tlbl90eXBlIjoicmVmcmVzaCIsImV4cCI6MTc0OTI5MTMwMywiaWF0IjoxNzQ5MjA0OTAzLCJqdGkiOiIwZmMxMDMzYTY1MTE0YzdlYTZjOGJhZmE0MTQ4MmMzOSIsInVzZXJfaWQiOjg2fQ.HualSLSFaXtxBe5XWx6nPyMpluMnqHwRzQ2Jr2TTIYA	2025-06-06 10:15:03.224166+00	2025-06-07 10:15:03+00	86	0fc1033a65114c7ea6c8bafa41482c39
63	eyJhbGciOiJIUzI1NiIsInR5cCI6IkpXVCJ9.eyJ0b2tlbl90eXBlIjoicmVmcmVzaCIsImV4cCI6MTc0OTI5ODE1MSwiaWF0IjoxNzQ5MjExNzUxLCJqdGkiOiI4MTkwNmIyMzA0ZmM0ODM0YTlmYzk2ZjI2OWJmMTMyMSIsInVzZXJfaWQiOjV9.Fd8BUjfvH4iccptyf2fK2bChlUXXscYS0gWXsHH90EA	2025-06-06 12:09:11.484258+00	2025-06-07 12:09:11+00	5	81906b2304fc4834a9fc96f269bf1321
64	eyJhbGciOiJIUzI1NiIsInR5cCI6IkpXVCJ9.eyJ0b2tlbl90eXBlIjoicmVmcmVzaCIsImV4cCI6MTc0OTI5ODI1OSwiaWF0IjoxNzQ5MjExODU5LCJqdGkiOiI0OWYyNjU3NzVjYTQ0OWEwYTJjMTU4YTY2OWY0YzI2MSIsInVzZXJfaWQiOjg2fQ.B7spAV2-DKOWkk0C5eq59xCVDZwwm0mYAeSxbMHWMVg	2025-06-06 12:10:59.073852+00	2025-06-07 12:10:59+00	86	49f265775ca449a0a2c158a669f4c261
65	eyJhbGciOiJIUzI1NiIsInR5cCI6IkpXVCJ9.eyJ0b2tlbl90eXBlIjoicmVmcmVzaCIsImV4cCI6MTc0OTI5ODYzOCwiaWF0IjoxNzQ5MjEyMjM4LCJqdGkiOiJkMmJlZjM2MjliMTY0NTliYmUyNTk0NmYwOWIwN2IwZCIsInVzZXJfaWQiOjg3fQ.k2vfQgeU_bQPt_5LXmuLx5_rTIIuDaZRNlsFsv_Cg6I	2025-06-06 12:17:18.266396+00	2025-06-07 12:17:18+00	87	d2bef3629b16459bbe25946f09b07b0d
66	eyJhbGciOiJIUzI1NiIsInR5cCI6IkpXVCJ9.eyJ0b2tlbl90eXBlIjoicmVmcmVzaCIsImV4cCI6MTc0OTMwMTg5OSwiaWF0IjoxNzQ5MjE1NDk5LCJqdGkiOiIwYzIwMTJkNTlmMWI0NDk0YWYxODMwZmIyNWFmOGExNyIsInVzZXJfaWQiOjg2fQ.sa8VLPK3xi3zZ69ul9vz3K3esYcfvcUn7mxrnmrt1e8	2025-06-06 13:11:39.504434+00	2025-06-07 13:11:39+00	86	0c2012d59f1b4494af1830fb25af8a17
67	eyJhbGciOiJIUzI1NiIsInR5cCI6IkpXVCJ9.eyJ0b2tlbl90eXBlIjoicmVmcmVzaCIsImV4cCI6MTc0OTMwMjQ5OCwiaWF0IjoxNzQ5MjE2MDk4LCJqdGkiOiI1Y2M0MmEzMTg1ZDM0OGEwYTY3MzUwNTQzNzU1ODI1NiIsInVzZXJfaWQiOjg3fQ.wc8a5jV74ebGEorQPcFvdd48fVEuZgZQYUb2-2FI9b4	2025-06-06 13:21:38.677873+00	2025-06-07 13:21:38+00	87	5cc42a3185d348a0a673505437558256
68	eyJhbGciOiJIUzI1NiIsInR5cCI6IkpXVCJ9.eyJ0b2tlbl90eXBlIjoicmVmcmVzaCIsImV4cCI6MTc0OTMwMjY0NiwiaWF0IjoxNzQ5MjE2MjQ2LCJqdGkiOiJiODZlMzk3OTllOGU0MjRjYTNiZDNjODI3ZTk0MDdkYSIsInVzZXJfaWQiOjV9.TlyA6Xb0c5WBulhoONww1ahVdkZD6YElcY_huACELdI	2025-06-06 13:24:06.458682+00	2025-06-07 13:24:06+00	5	b86e39799e8e424ca3bd3c827e9407da
69	eyJhbGciOiJIUzI1NiIsInR5cCI6IkpXVCJ9.eyJ0b2tlbl90eXBlIjoicmVmcmVzaCIsImV4cCI6MTc0OTMyNTEzMywiaWF0IjoxNzQ5MjM4NzMzLCJqdGkiOiIzZTE3MzdiN2VmYTY0YzRmODQwYmRiMzM3MDAxYjg0YSIsInVzZXJfaWQiOjg3fQ.k3ayltF_zJC4qWADuCyh4Bs8AgKFWj7V4siUNGTrLG4	2025-06-06 19:38:53.500577+00	2025-06-07 19:38:53+00	87	3e1737b7efa64c4f840bdb337001b84a
70	eyJhbGciOiJIUzI1NiIsInR5cCI6IkpXVCJ9.eyJ0b2tlbl90eXBlIjoicmVmcmVzaCIsImV4cCI6MTc0OTM2NTQ1MiwiaWF0IjoxNzQ5Mjc5MDUyLCJqdGkiOiJhYTE5NWVjMWExZWQ0NzA2YjZhYTU0ZDA4MDNiMTRjMSIsInVzZXJfaWQiOjg3fQ.bIElvwwAMe4ctjbyNK2m5R8QjQik3KCC0P115zbJKFg	2025-06-07 06:50:52.553175+00	2025-06-08 06:50:52+00	87	aa195ec1a1ed4706b6aa54d0803b14c1
71	eyJhbGciOiJIUzI1NiIsInR5cCI6IkpXVCJ9.eyJ0b2tlbl90eXBlIjoicmVmcmVzaCIsImV4cCI6MTc0OTM3MTAzNCwiaWF0IjoxNzQ5Mjg0NjM0LCJqdGkiOiJlNGFmODc4MzdjNDM0NTMxOWJhZDY5YjVlMzM4NDU4ZiIsInVzZXJfaWQiOjg3fQ.01n5mrZ868_3JcZAHWNvph-abAW_7UmLAI8W4h7HnHo	2025-06-07 08:23:54.862397+00	2025-06-08 08:23:54+00	87	e4af87837c4345319bad69b5e338458f
72	eyJhbGciOiJIUzI1NiIsInR5cCI6IkpXVCJ9.eyJ0b2tlbl90eXBlIjoicmVmcmVzaCIsImV4cCI6MTc0OTM4NjI5NywiaWF0IjoxNzQ5Mjk5ODk3LCJqdGkiOiJjM2QyNmZhZTQ2ZWY0YzcyOTMzYWRjZTJlNzc3OTkwYSIsInVzZXJfaWQiOjg3fQ.UxACujKZuECxhxn6NorqTnmegtcPhDWF9VYQkSDhN8g	2025-06-07 12:38:17.22378+00	2025-06-08 12:38:17+00	87	c3d26fae46ef4c72933adce2e777990a
73	eyJhbGciOiJIUzI1NiIsInR5cCI6IkpXVCJ9.eyJ0b2tlbl90eXBlIjoicmVmcmVzaCIsImV4cCI6MTc0OTM4NjYxMSwiaWF0IjoxNzQ5MzAwMjExLCJqdGkiOiI2YWJmYjNjNTgxMTE0MmY0YTM2M2I0NDYwNGU0ZWQzZiIsInVzZXJfaWQiOjV9.peoWQsKgu6l2uBhHLhZrPhOixPp2S538UjbFXNJWiwM	2025-06-07 12:43:31.076376+00	2025-06-08 12:43:31+00	5	6abfb3c5811142f4a363b44604e4ed3f
74	eyJhbGciOiJIUzI1NiIsInR5cCI6IkpXVCJ9.eyJ0b2tlbl90eXBlIjoicmVmcmVzaCIsImV4cCI6MTc0OTM4NzEyOCwiaWF0IjoxNzQ5MzAwNzI4LCJqdGkiOiJjNzMyMzQ3NGE2NzE0ZDRjODM0ZmU4YTRmYWRmOGJkNSIsInVzZXJfaWQiOjg2fQ.8kSt3vLTGLe0UFX7FhCoTyg3dMJqSTah0y-tYHT_ZtU	2025-06-07 12:52:08.078905+00	2025-06-08 12:52:08+00	86	c7323474a6714d4c834fe8a4fadf8bd5
75	eyJhbGciOiJIUzI1NiIsInR5cCI6IkpXVCJ9.eyJ0b2tlbl90eXBlIjoicmVmcmVzaCIsImV4cCI6MTc0OTQ1MDgzOSwiaWF0IjoxNzQ5MzY0NDM5LCJqdGkiOiIzMWY4MDVjOTc0YzQ0M2FkYmI1YjRlZWY3OTRiODM3OCIsInVzZXJfaWQiOjV9.apzuqPIRBio9U4viFIF8vPg855Q_kpShovRZQC0B30k	2025-06-08 06:33:59.169442+00	2025-06-09 06:33:59+00	5	31f805c974c443adbb5b4eef794b8378
76	eyJhbGciOiJIUzI1NiIsInR5cCI6IkpXVCJ9.eyJ0b2tlbl90eXBlIjoicmVmcmVzaCIsImV4cCI6MTc0OTQ1MTEyNCwiaWF0IjoxNzQ5MzY0NzI0LCJqdGkiOiI3NmZhZjVmN2Y2NmQ0OGI2YWU5MDY1NzliYTY1YmEyZSIsInVzZXJfaWQiOjg3fQ.fHcAwSqoVXcV1N3BiSMOu6vRWAUSVt8JySxVmQ148A4	2025-06-08 06:38:44.82386+00	2025-06-09 06:38:44+00	87	76faf5f7f66d48b6ae906579ba65ba2e
77	eyJhbGciOiJIUzI1NiIsInR5cCI6IkpXVCJ9.eyJ0b2tlbl90eXBlIjoicmVmcmVzaCIsImV4cCI6MTc0OTQ1MjI5OCwiaWF0IjoxNzQ5MzY1ODk4LCJqdGkiOiJlNjgyMTU4NTJhYzk0YjhjOGIxMzQyNmUxODAyNTUwNSIsInVzZXJfaWQiOjg2fQ.vsJ4neKyxkk5I5vQO7eWjlndykdp19-GDjdSnI_hh4o	2025-06-08 06:58:18.080887+00	2025-06-09 06:58:18+00	86	e68215852ac94b8c8b13426e18025505
78	eyJhbGciOiJIUzI1NiIsInR5cCI6IkpXVCJ9.eyJ0b2tlbl90eXBlIjoicmVmcmVzaCIsImV4cCI6MTc0OTQ1MzUwMiwiaWF0IjoxNzQ5MzY3MTAyLCJqdGkiOiJkN2RhNGUzMDA5ODE0ZWFlOGQ5NzIzOWM3NTkzNDg2OSIsInVzZXJfaWQiOjgyfQ.4NWpYqgdovhx1_bOiu_PR4BXnVpxO8CaC2HMEKGJVsM	2025-06-08 07:18:22.009032+00	2025-06-09 07:18:22+00	82	d7da4e3009814eae8d97239c75934869
79	eyJhbGciOiJIUzI1NiIsInR5cCI6IkpXVCJ9.eyJ0b2tlbl90eXBlIjoicmVmcmVzaCIsImV4cCI6MTc0OTQ1NDc4MywiaWF0IjoxNzQ5MzY4MzgzLCJqdGkiOiI5ZmE4NTdmZGJhMWE0NTkzYjc5OTY4NzY2NWRhYzhjOSIsInVzZXJfaWQiOjg3fQ.nUPLMiiJZiCw3g5mg9vX5ndNcKqWFx3U63LkmfQWTMw	2025-06-08 07:39:43.880835+00	2025-06-09 07:39:43+00	87	9fa857fdba1a4593b799687665dac8c9
80	eyJhbGciOiJIUzI1NiIsInR5cCI6IkpXVCJ9.eyJ0b2tlbl90eXBlIjoicmVmcmVzaCIsImV4cCI6MTc0OTQ1NTAxMSwiaWF0IjoxNzQ5MzY4NjExLCJqdGkiOiIzNzg5YWFiNjY1OWE0NmY0OWMxMTE0MzJmOTMyYWEzMyIsInVzZXJfaWQiOjg3fQ.5pMYp-CF2uoyFX95miZrM-U9JP9qQZYsAXn_pxQVOyc	2025-06-08 07:43:31.518528+00	2025-06-09 07:43:31+00	87	3789aab6659a46f49c111432f932aa33
81	eyJhbGciOiJIUzI1NiIsInR5cCI6IkpXVCJ9.eyJ0b2tlbl90eXBlIjoicmVmcmVzaCIsImV4cCI6MTc0OTQ1NTQ0NywiaWF0IjoxNzQ5MzY5MDQ3LCJqdGkiOiI4OTQ4YjljNzU0MjY0OTk2YTZkYTY1MzQyYjhiY2VkOSIsInVzZXJfaWQiOjV9.-GKdZzX6cEfZrNqC3Bw-bU_7aMAEmQHQff0GyCSDK2Y	2025-06-08 07:50:47.880624+00	2025-06-09 07:50:47+00	5	8948b9c754264996a6da65342b8bced9
82	eyJhbGciOiJIUzI1NiIsInR5cCI6IkpXVCJ9.eyJ0b2tlbl90eXBlIjoicmVmcmVzaCIsImV4cCI6MTc0OTQ1NTg4OCwiaWF0IjoxNzQ5MzY5NDg4LCJqdGkiOiI0Y2NkZDBmMTA5YTQ0YzE3OTViYTUyZmYyNDdmNWVhNiIsInVzZXJfaWQiOjkyfQ.dHUKjVsxdWD8pAJHY-jIZ-sjL1Vbk-wEEA9HmsmXyuI	2025-06-08 07:58:08.956807+00	2025-06-09 07:58:08+00	92	4ccdd0f109a44c1795ba52ff247f5ea6
83	eyJhbGciOiJIUzI1NiIsInR5cCI6IkpXVCJ9.eyJ0b2tlbl90eXBlIjoicmVmcmVzaCIsImV4cCI6MTc0OTQ1NzA5NSwiaWF0IjoxNzQ5MzcwNjk1LCJqdGkiOiI2MWI2N2JhZWQwNGE0NzY4YmRkYWYzODAyMTRhN2JhNyIsInVzZXJfaWQiOjg3fQ.Jqt28YpdG0s8BZH7S8kEHPKlpKVqv02M_-vYQBp2I-k	2025-06-08 08:18:15.826933+00	2025-06-09 08:18:15+00	87	61b67baed04a4768bddaf380214a7ba7
84	eyJhbGciOiJIUzI1NiIsInR5cCI6IkpXVCJ9.eyJ0b2tlbl90eXBlIjoicmVmcmVzaCIsImV4cCI6MTc0OTQ1ODAzNCwiaWF0IjoxNzQ5MzcxNjM0LCJqdGkiOiI0Yjg4OGRmMTc3ODY0ZDUyOGVhMmExM2I3ODA4NDE3ZCIsInVzZXJfaWQiOjg3fQ.mboc5cqn9O_1Doj9cUoRDiQEiGNH0UzaKGMLOE-cCXI	2025-06-08 08:33:54.191813+00	2025-06-09 08:33:54+00	87	4b888df177864d528ea2a13b7808417d
85	eyJhbGciOiJIUzI1NiIsInR5cCI6IkpXVCJ9.eyJ0b2tlbl90eXBlIjoicmVmcmVzaCIsImV4cCI6MTc0OTQ1ODQ3NywiaWF0IjoxNzQ5MzcyMDc3LCJqdGkiOiIzOGYxZTVlYjJmYWI0ZDZjYWVlZThlZjEzMzZiMzgzNyIsInVzZXJfaWQiOjV9.Y48oJv2X00YiPw_EGehzgvArHpP2UfI_k1zR_r9XFmQ	2025-06-08 08:41:17.784235+00	2025-06-09 08:41:17+00	5	38f1e5eb2fab4d6caeee8ef1336b3837
86	eyJhbGciOiJIUzI1NiIsInR5cCI6IkpXVCJ9.eyJ0b2tlbl90eXBlIjoicmVmcmVzaCIsImV4cCI6MTc0OTQ2MTI0NywiaWF0IjoxNzQ5Mzc0ODQ3LCJqdGkiOiJlMDczZjI2MDljYzQ0MTQwODRjMTBmOTEzYjk4MTI5NyIsInVzZXJfaWQiOjg3fQ.Ra0F8N9yNdIwVLW-16N9Hr1RgTjiCzeqwExrlMlTsKk	2025-06-08 09:27:27.297821+00	2025-06-09 09:27:27+00	87	e073f2609cc4414084c10f913b981297
87	eyJhbGciOiJIUzI1NiIsInR5cCI6IkpXVCJ9.eyJ0b2tlbl90eXBlIjoicmVmcmVzaCIsImV4cCI6MTc0OTQ2MTI5MiwiaWF0IjoxNzQ5Mzc0ODkyLCJqdGkiOiJlZjNhZjdlYTkyMzk0MDcxYmI5MjYxZjJjNDk5NTQ1NSIsInVzZXJfaWQiOjkyfQ.LFWcBHkn6kb-Dtu-Feml-4kEDYBOxv-aEo94XcENQPM	2025-06-08 09:28:12.708042+00	2025-06-09 09:28:12+00	92	ef3af7ea92394071bb9261f2c4995455
88	eyJhbGciOiJIUzI1NiIsInR5cCI6IkpXVCJ9.eyJ0b2tlbl90eXBlIjoicmVmcmVzaCIsImV4cCI6MTc0OTQ2NjQ1NiwiaWF0IjoxNzQ5MzgwMDU2LCJqdGkiOiIwYTRlMWUwNDg3ZmY0Y2Y0YjRiMWNmN2JlODlmOGJlNCIsInVzZXJfaWQiOjg3fQ.3vmP9YSqTGOM9za6TjAS7uIlhwiT5Ak3Pq8j9IWiTlQ	2025-06-08 10:54:16.99686+00	2025-06-09 10:54:16+00	87	0a4e1e0487ff4cf4b4b1cf7be89f8be4
89	eyJhbGciOiJIUzI1NiIsInR5cCI6IkpXVCJ9.eyJ0b2tlbl90eXBlIjoicmVmcmVzaCIsImV4cCI6MTc0OTQ2NzEwOCwiaWF0IjoxNzQ5MzgwNzA4LCJqdGkiOiI1N2ExMjlmZDg0YTc0ZWMxODE3ZmRlMmEwM2EzMDkxZCIsInVzZXJfaWQiOjg3fQ.rRlTICtqfi0FlnT4BmNhyWd4IWDelu6-SXuPgMwh6Rk	2025-06-08 11:05:08.513553+00	2025-06-09 11:05:08+00	87	57a129fd84a74ec1817fde2a03a3091d
90	eyJhbGciOiJIUzI1NiIsInR5cCI6IkpXVCJ9.eyJ0b2tlbl90eXBlIjoicmVmcmVzaCIsImV4cCI6MTc0OTQ2OTI0NiwiaWF0IjoxNzQ5MzgyODQ2LCJqdGkiOiI1ODhlNTM0ZDVkNWI0YzZhOTc0YTFkN2VkYjg5NmQwNiIsInVzZXJfaWQiOjg3fQ.bijyT4gJoSYGlO_VInb28u5Q58BzFDyay2Ycde6IoGY	2025-06-08 11:40:46.539804+00	2025-06-09 11:40:46+00	87	588e534d5d5b4c6a974a1d7edb896d06
91	eyJhbGciOiJIUzI1NiIsInR5cCI6IkpXVCJ9.eyJ0b2tlbl90eXBlIjoicmVmcmVzaCIsImV4cCI6MTc0OTQ3MTkzOSwiaWF0IjoxNzQ5Mzg1NTM5LCJqdGkiOiIyNTdlZjM5NGJjZjc0ZWRkYTlhZWEwNzYxMTE2MzMyMiIsInVzZXJfaWQiOjg3fQ.JNonUc7rbwzJe5KYVhkuK7zQ6WlNxsjsrSeleST_24w	2025-06-08 12:25:39.495714+00	2025-06-09 12:25:39+00	87	257ef394bcf74edda9aea07611163322
92	eyJhbGciOiJIUzI1NiIsInR5cCI6IkpXVCJ9.eyJ0b2tlbl90eXBlIjoicmVmcmVzaCIsImV4cCI6MTc0OTQ3MjcwNSwiaWF0IjoxNzQ5Mzg2MzA1LCJqdGkiOiJlMmI5ODg1YTUwOTM0YTM4OGI1ZjE2NjIxN2FkN2YzZiIsInVzZXJfaWQiOjg3fQ.o00jQFRsaDtchHoiTzJlbl7HSctRhMnnvSmdKU66ya0	2025-06-08 12:38:25.388761+00	2025-06-09 12:38:25+00	87	e2b9885a50934a388b5f166217ad7f3f
93	eyJhbGciOiJIUzI1NiIsInR5cCI6IkpXVCJ9.eyJ0b2tlbl90eXBlIjoicmVmcmVzaCIsImV4cCI6MTc0OTQ3NTYzNiwiaWF0IjoxNzQ5Mzg5MjM2LCJqdGkiOiJkMzRlMmRkY2JkYzc0YWJkYjM4M2E5NGU5OGJjMmQ3MCIsInVzZXJfaWQiOjg3fQ.MNHe34-CxKaAO-_Y_o8OAcOAbXAsBPsWXPD_Q3q0WaU	2025-06-08 13:27:16.992542+00	2025-06-09 13:27:16+00	87	d34e2ddcbdc74abdb383a94e98bc2d70
94	eyJhbGciOiJIUzI1NiIsInR5cCI6IkpXVCJ9.eyJ0b2tlbl90eXBlIjoicmVmcmVzaCIsImV4cCI6MTc0OTQ3NjU3NCwiaWF0IjoxNzQ5MzkwMTc0LCJqdGkiOiJlNTYxY2I0ZTVhMzc0ZjljYjczMWI0MWE1MTIxZjg5YSIsInVzZXJfaWQiOjg3fQ.fF4AhCAz6XhAPWpJ-736anUar88obn3NTXUQQdkm5gg	2025-06-08 13:42:54.257079+00	2025-06-09 13:42:54+00	87	e561cb4e5a374f9cb731b41a5121f89a
95	eyJhbGciOiJIUzI1NiIsInR5cCI6IkpXVCJ9.eyJ0b2tlbl90eXBlIjoicmVmcmVzaCIsImV4cCI6MTc0OTQ3NzUyNywiaWF0IjoxNzQ5MzkxMTI3LCJqdGkiOiI2MGZkODBmZmVmNWE0NWE5OTFjM2QxYTIzNzFlNTY4MSIsInVzZXJfaWQiOjg3fQ.fPqgwTgddjZExrkz_mokMPW-04YwXH7QLYsu1aN8_oA	2025-06-08 13:58:47.520753+00	2025-06-09 13:58:47+00	87	60fd80ffef5a45a991c3d1a2371e5681
\.


--
-- Data for Name: wallet_rate; Type: TABLE DATA; Schema: public; Owner: postgres
--

COPY public.wallet_rate (id, rate_amount, effective_from) FROM stdin;
\.


--
-- Data for Name: wallet_wallettransaction; Type: TABLE DATA; Schema: public; Owner: postgres
--

COPY public.wallet_wallettransaction (id, transaction_type, payment_type, transaction_id, amount, status, "timestamp", extra_data, job_id, user_id, completed, rate) FROM stdin;
\.


--
-- Name: academy_training_id_seq; Type: SEQUENCE SET; Schema: public; Owner: postgres
--

SELECT pg_catalog.setval('public.academy_training_id_seq', 1, false);


--
-- Name: accounts_clientprofile_id_seq; Type: SEQUENCE SET; Schema: public; Owner: postgres
--

SELECT pg_catalog.setval('public.accounts_clientprofile_id_seq', 69, true);


--
-- Name: accounts_clientprofile_languages_id_seq; Type: SEQUENCE SET; Schema: public; Owner: postgres
--

SELECT pg_catalog.setval('public.accounts_clientprofile_languages_id_seq', 68, true);


--
-- Name: accounts_freelancerprofile_id_seq; Type: SEQUENCE SET; Schema: public; Owner: postgres
--

SELECT pg_catalog.setval('public.accounts_freelancerprofile_id_seq', 174, true);


--
-- Name: accounts_freelancerprofile_languages_id_seq; Type: SEQUENCE SET; Schema: public; Owner: postgres
--

SELECT pg_catalog.setval('public.accounts_freelancerprofile_languages_id_seq', 107, true);


--
-- Name: accounts_freelancerprofile_skills_id_seq; Type: SEQUENCE SET; Schema: public; Owner: postgres
--

SELECT pg_catalog.setval('public.accounts_freelancerprofile_skills_id_seq', 109, true);


--
-- Name: accounts_language_id_seq; Type: SEQUENCE SET; Schema: public; Owner: postgres
--

SELECT pg_catalog.setval('public.accounts_language_id_seq', 33, true);


--
-- Name: accounts_profile_id_seq; Type: SEQUENCE SET; Schema: public; Owner: postgres
--

SELECT pg_catalog.setval('public.accounts_profile_id_seq', 154, true);


--
-- Name: accounts_skill_id_seq; Type: SEQUENCE SET; Schema: public; Owner: postgres
--

SELECT pg_catalog.setval('public.accounts_skill_id_seq', 35, true);


--
-- Name: auth_group_id_seq; Type: SEQUENCE SET; Schema: public; Owner: postgres
--

SELECT pg_catalog.setval('public.auth_group_id_seq', 1, false);


--
-- Name: auth_group_permissions_id_seq; Type: SEQUENCE SET; Schema: public; Owner: postgres
--

SELECT pg_catalog.setval('public.auth_group_permissions_id_seq', 1, false);


--
-- Name: auth_permission_id_seq; Type: SEQUENCE SET; Schema: public; Owner: postgres
--

SELECT pg_catalog.setval('public.auth_permission_id_seq', 127, true);


--
-- Name: auth_user_groups_id_seq; Type: SEQUENCE SET; Schema: public; Owner: postgres
--

SELECT pg_catalog.setval('public.auth_user_groups_id_seq', 1, false);


--
-- Name: auth_user_id_seq; Type: SEQUENCE SET; Schema: public; Owner: postgres
--

SELECT pg_catalog.setval('public.auth_user_id_seq', 92, true);


--
-- Name: auth_user_user_permissions_id_seq; Type: SEQUENCE SET; Schema: public; Owner: postgres
--

SELECT pg_catalog.setval('public.auth_user_user_permissions_id_seq', 1, false);


--
-- Name: core_chat_id_seq; Type: SEQUENCE SET; Schema: public; Owner: postgres
--

SELECT pg_catalog.setval('public.core_chat_id_seq', 4, true);


--
-- Name: core_job_id_seq; Type: SEQUENCE SET; Schema: public; Owner: postgres
--

SELECT pg_catalog.setval('public.core_job_id_seq', 110, true);


--
-- Name: core_jobassignment_id_seq; Type: SEQUENCE SET; Schema: public; Owner: postgres
--

SELECT pg_catalog.setval('public.core_jobassignment_id_seq', 1, false);


--
-- Name: core_message_id_seq; Type: SEQUENCE SET; Schema: public; Owner: postgres
--

SELECT pg_catalog.setval('public.core_message_id_seq', 9, true);


--
-- Name: core_messageattachment_id_seq; Type: SEQUENCE SET; Schema: public; Owner: postgres
--

SELECT pg_catalog.setval('public.core_messageattachment_id_seq', 2, true);


--
-- Name: core_response_id_seq; Type: SEQUENCE SET; Schema: public; Owner: postgres
--

SELECT pg_catalog.setval('public.core_response_id_seq', 44, true);


--
-- Name: core_review_id_seq; Type: SEQUENCE SET; Schema: public; Owner: postgres
--

SELECT pg_catalog.setval('public.core_review_id_seq', 1, false);


--
-- Name: django_admin_log_id_seq; Type: SEQUENCE SET; Schema: public; Owner: postgres
--

SELECT pg_catalog.setval('public.django_admin_log_id_seq', 119, true);


--
-- Name: django_content_type_id_seq; Type: SEQUENCE SET; Schema: public; Owner: postgres
--

SELECT pg_catalog.setval('public.django_content_type_id_seq', 40, true);


--
-- Name: django_migrations_id_seq; Type: SEQUENCE SET; Schema: public; Owner: postgres
--

SELECT pg_catalog.setval('public.django_migrations_id_seq', 94, true);


--
-- Name: invoicemgmt_invoice_id_seq; Type: SEQUENCE SET; Schema: public; Owner: postgres
--

SELECT pg_catalog.setval('public.invoicemgmt_invoice_id_seq', 1, false);


--
-- Name: invoicemgmt_invoicelineitem_id_seq; Type: SEQUENCE SET; Schema: public; Owner: postgres
--

SELECT pg_catalog.setval('public.invoicemgmt_invoicelineitem_id_seq', 1, false);


--
-- Name: payment_payment_id_seq; Type: SEQUENCE SET; Schema: public; Owner: postgres
--

SELECT pg_catalog.setval('public.payment_payment_id_seq', 108, true);


--
-- Name: payments_paypalpayments_id_seq; Type: SEQUENCE SET; Schema: public; Owner: postgres
--

SELECT pg_catalog.setval('public.payments_paypalpayments_id_seq', 1, true);


--
-- Name: paypal_ipn_id_seq; Type: SEQUENCE SET; Schema: public; Owner: postgres
--

SELECT pg_catalog.setval('public.paypal_ipn_id_seq', 1, false);


--
-- Name: token_blacklist_blacklistedtoken_id_seq; Type: SEQUENCE SET; Schema: public; Owner: postgres
--

SELECT pg_catalog.setval('public.token_blacklist_blacklistedtoken_id_seq', 1, false);


--
-- Name: token_blacklist_outstandingtoken_id_seq; Type: SEQUENCE SET; Schema: public; Owner: postgres
--

SELECT pg_catalog.setval('public.token_blacklist_outstandingtoken_id_seq', 95, true);


--
-- Name: wallet_rate_id_seq; Type: SEQUENCE SET; Schema: public; Owner: postgres
--

SELECT pg_catalog.setval('public.wallet_rate_id_seq', 1, false);


--
-- Name: wallet_wallettransaction_id_seq; Type: SEQUENCE SET; Schema: public; Owner: postgres
--

SELECT pg_catalog.setval('public.wallet_wallettransaction_id_seq', 1, false);


--
-- Name: academy_training academy_training_pkey; Type: CONSTRAINT; Schema: public; Owner: postgres
--

ALTER TABLE ONLY public.academy_training
    ADD CONSTRAINT academy_training_pkey PRIMARY KEY (id);


--
-- Name: academy_training academy_training_slug_key; Type: CONSTRAINT; Schema: public; Owner: postgres
--

ALTER TABLE ONLY public.academy_training
    ADD CONSTRAINT academy_training_slug_key UNIQUE (slug);


--
-- Name: accounts_clientprofile_languages accounts_clientprofile_l_clientprofile_id_languag_841c34d8_uniq; Type: CONSTRAINT; Schema: public; Owner: postgres
--

ALTER TABLE ONLY public.accounts_clientprofile_languages
    ADD CONSTRAINT accounts_clientprofile_l_clientprofile_id_languag_841c34d8_uniq UNIQUE (clientprofile_id, language_id);


--
-- Name: accounts_clientprofile_languages accounts_clientprofile_languages_pkey; Type: CONSTRAINT; Schema: public; Owner: postgres
--

ALTER TABLE ONLY public.accounts_clientprofile_languages
    ADD CONSTRAINT accounts_clientprofile_languages_pkey PRIMARY KEY (id);


--
-- Name: accounts_clientprofile accounts_clientprofile_pkey; Type: CONSTRAINT; Schema: public; Owner: postgres
--

ALTER TABLE ONLY public.accounts_clientprofile
    ADD CONSTRAINT accounts_clientprofile_pkey PRIMARY KEY (id);


--
-- Name: accounts_clientprofile accounts_clientprofile_profile_id_key; Type: CONSTRAINT; Schema: public; Owner: postgres
--

ALTER TABLE ONLY public.accounts_clientprofile
    ADD CONSTRAINT accounts_clientprofile_profile_id_key UNIQUE (profile_id);


--
-- Name: accounts_freelancerprofile_languages accounts_freelancerprofi_freelancerprofile_id_lan_039f77b0_uniq; Type: CONSTRAINT; Schema: public; Owner: postgres
--

ALTER TABLE ONLY public.accounts_freelancerprofile_languages
    ADD CONSTRAINT accounts_freelancerprofi_freelancerprofile_id_lan_039f77b0_uniq UNIQUE (freelancerprofile_id, language_id);


--
-- Name: accounts_freelancerprofile_skills accounts_freelancerprofi_freelancerprofile_id_ski_5aeb0d6a_uniq; Type: CONSTRAINT; Schema: public; Owner: postgres
--

ALTER TABLE ONLY public.accounts_freelancerprofile_skills
    ADD CONSTRAINT accounts_freelancerprofi_freelancerprofile_id_ski_5aeb0d6a_uniq UNIQUE (freelancerprofile_id, skill_id);


--
-- Name: accounts_freelancerprofile_languages accounts_freelancerprofile_languages_pkey; Type: CONSTRAINT; Schema: public; Owner: postgres
--

ALTER TABLE ONLY public.accounts_freelancerprofile_languages
    ADD CONSTRAINT accounts_freelancerprofile_languages_pkey PRIMARY KEY (id);


--
-- Name: accounts_freelancerprofile accounts_freelancerprofile_pkey; Type: CONSTRAINT; Schema: public; Owner: postgres
--

ALTER TABLE ONLY public.accounts_freelancerprofile
    ADD CONSTRAINT accounts_freelancerprofile_pkey PRIMARY KEY (id);


--
-- Name: accounts_freelancerprofile accounts_freelancerprofile_profile_id_key; Type: CONSTRAINT; Schema: public; Owner: postgres
--

ALTER TABLE ONLY public.accounts_freelancerprofile
    ADD CONSTRAINT accounts_freelancerprofile_profile_id_key UNIQUE (profile_id);


--
-- Name: accounts_freelancerprofile_skills accounts_freelancerprofile_skills_pkey; Type: CONSTRAINT; Schema: public; Owner: postgres
--

ALTER TABLE ONLY public.accounts_freelancerprofile_skills
    ADD CONSTRAINT accounts_freelancerprofile_skills_pkey PRIMARY KEY (id);


--
-- Name: accounts_language accounts_language_name_key; Type: CONSTRAINT; Schema: public; Owner: postgres
--

ALTER TABLE ONLY public.accounts_language
    ADD CONSTRAINT accounts_language_name_key UNIQUE (name);


--
-- Name: accounts_language accounts_language_pkey; Type: CONSTRAINT; Schema: public; Owner: postgres
--

ALTER TABLE ONLY public.accounts_language
    ADD CONSTRAINT accounts_language_pkey PRIMARY KEY (id);


--
-- Name: accounts_profile accounts_profile_pkey; Type: CONSTRAINT; Schema: public; Owner: postgres
--

ALTER TABLE ONLY public.accounts_profile
    ADD CONSTRAINT accounts_profile_pkey PRIMARY KEY (id);


--
-- Name: accounts_profile accounts_profile_user_id_key; Type: CONSTRAINT; Schema: public; Owner: postgres
--

ALTER TABLE ONLY public.accounts_profile
    ADD CONSTRAINT accounts_profile_user_id_key UNIQUE (user_id);


--
-- Name: accounts_profile accounts_profile_user_id_user_type_d2ed2567_uniq; Type: CONSTRAINT; Schema: public; Owner: postgres
--

ALTER TABLE ONLY public.accounts_profile
    ADD CONSTRAINT accounts_profile_user_id_user_type_d2ed2567_uniq UNIQUE (user_id, user_type);


--
-- Name: accounts_skill accounts_skill_name_key; Type: CONSTRAINT; Schema: public; Owner: postgres
--

ALTER TABLE ONLY public.accounts_skill
    ADD CONSTRAINT accounts_skill_name_key UNIQUE (name);


--
-- Name: accounts_skill accounts_skill_pkey; Type: CONSTRAINT; Schema: public; Owner: postgres
--

ALTER TABLE ONLY public.accounts_skill
    ADD CONSTRAINT accounts_skill_pkey PRIMARY KEY (id);


--
-- Name: auth_group auth_group_name_key; Type: CONSTRAINT; Schema: public; Owner: postgres
--

ALTER TABLE ONLY public.auth_group
    ADD CONSTRAINT auth_group_name_key UNIQUE (name);


--
-- Name: auth_group_permissions auth_group_permissions_group_id_permission_id_0cd325b0_uniq; Type: CONSTRAINT; Schema: public; Owner: postgres
--

ALTER TABLE ONLY public.auth_group_permissions
    ADD CONSTRAINT auth_group_permissions_group_id_permission_id_0cd325b0_uniq UNIQUE (group_id, permission_id);


--
-- Name: auth_group_permissions auth_group_permissions_pkey; Type: CONSTRAINT; Schema: public; Owner: postgres
--

ALTER TABLE ONLY public.auth_group_permissions
    ADD CONSTRAINT auth_group_permissions_pkey PRIMARY KEY (id);


--
-- Name: auth_group auth_group_pkey; Type: CONSTRAINT; Schema: public; Owner: postgres
--

ALTER TABLE ONLY public.auth_group
    ADD CONSTRAINT auth_group_pkey PRIMARY KEY (id);


--
-- Name: auth_permission auth_permission_content_type_id_codename_01ab375a_uniq; Type: CONSTRAINT; Schema: public; Owner: postgres
--

ALTER TABLE ONLY public.auth_permission
    ADD CONSTRAINT auth_permission_content_type_id_codename_01ab375a_uniq UNIQUE (content_type_id, codename);


--
-- Name: auth_permission auth_permission_pkey; Type: CONSTRAINT; Schema: public; Owner: postgres
--

ALTER TABLE ONLY public.auth_permission
    ADD CONSTRAINT auth_permission_pkey PRIMARY KEY (id);


--
-- Name: auth_user_groups auth_user_groups_pkey; Type: CONSTRAINT; Schema: public; Owner: postgres
--

ALTER TABLE ONLY public.auth_user_groups
    ADD CONSTRAINT auth_user_groups_pkey PRIMARY KEY (id);


--
-- Name: auth_user_groups auth_user_groups_user_id_group_id_94350c0c_uniq; Type: CONSTRAINT; Schema: public; Owner: postgres
--

ALTER TABLE ONLY public.auth_user_groups
    ADD CONSTRAINT auth_user_groups_user_id_group_id_94350c0c_uniq UNIQUE (user_id, group_id);


--
-- Name: auth_user auth_user_pkey; Type: CONSTRAINT; Schema: public; Owner: postgres
--

ALTER TABLE ONLY public.auth_user
    ADD CONSTRAINT auth_user_pkey PRIMARY KEY (id);


--
-- Name: auth_user_user_permissions auth_user_user_permissions_pkey; Type: CONSTRAINT; Schema: public; Owner: postgres
--

ALTER TABLE ONLY public.auth_user_user_permissions
    ADD CONSTRAINT auth_user_user_permissions_pkey PRIMARY KEY (id);


--
-- Name: auth_user_user_permissions auth_user_user_permissions_user_id_permission_id_14a6b632_uniq; Type: CONSTRAINT; Schema: public; Owner: postgres
--

ALTER TABLE ONLY public.auth_user_user_permissions
    ADD CONSTRAINT auth_user_user_permissions_user_id_permission_id_14a6b632_uniq UNIQUE (user_id, permission_id);


--
-- Name: auth_user auth_user_username_key; Type: CONSTRAINT; Schema: public; Owner: postgres
--

ALTER TABLE ONLY public.auth_user
    ADD CONSTRAINT auth_user_username_key UNIQUE (username);


--
-- Name: core_chat core_chat_pkey; Type: CONSTRAINT; Schema: public; Owner: postgres
--

ALTER TABLE ONLY public.core_chat
    ADD CONSTRAINT core_chat_pkey PRIMARY KEY (id);


--
-- Name: core_chat core_chat_slug_key; Type: CONSTRAINT; Schema: public; Owner: postgres
--

ALTER TABLE ONLY public.core_chat
    ADD CONSTRAINT core_chat_slug_key UNIQUE (slug);


--
-- Name: core_job core_job_pkey; Type: CONSTRAINT; Schema: public; Owner: postgres
--

ALTER TABLE ONLY public.core_job
    ADD CONSTRAINT core_job_pkey PRIMARY KEY (id);


--
-- Name: core_job core_job_slug_key; Type: CONSTRAINT; Schema: public; Owner: postgres
--

ALTER TABLE ONLY public.core_job
    ADD CONSTRAINT core_job_slug_key UNIQUE (slug);


--
-- Name: core_jobassignment core_jobassignment_job_id_freelancer_id_e9641d09_uniq; Type: CONSTRAINT; Schema: public; Owner: postgres
--

ALTER TABLE ONLY public.core_jobassignment
    ADD CONSTRAINT core_jobassignment_job_id_freelancer_id_e9641d09_uniq UNIQUE (job_id, freelancer_id);


--
-- Name: core_jobassignment core_jobassignment_pkey; Type: CONSTRAINT; Schema: public; Owner: postgres
--

ALTER TABLE ONLY public.core_jobassignment
    ADD CONSTRAINT core_jobassignment_pkey PRIMARY KEY (id);


--
-- Name: core_message core_message_pkey; Type: CONSTRAINT; Schema: public; Owner: postgres
--

ALTER TABLE ONLY public.core_message
    ADD CONSTRAINT core_message_pkey PRIMARY KEY (id);


--
-- Name: core_messageattachment core_messageattachment_pkey; Type: CONSTRAINT; Schema: public; Owner: postgres
--

ALTER TABLE ONLY public.core_messageattachment
    ADD CONSTRAINT core_messageattachment_pkey PRIMARY KEY (id);


--
-- Name: core_response core_response_job_id_user_id_7e0912ec_uniq; Type: CONSTRAINT; Schema: public; Owner: postgres
--

ALTER TABLE ONLY public.core_response
    ADD CONSTRAINT core_response_job_id_user_id_7e0912ec_uniq UNIQUE (job_id, user_id);


--
-- Name: core_response core_response_pkey; Type: CONSTRAINT; Schema: public; Owner: postgres
--

ALTER TABLE ONLY public.core_response
    ADD CONSTRAINT core_response_pkey PRIMARY KEY (id);


--
-- Name: core_response core_response_slug_key; Type: CONSTRAINT; Schema: public; Owner: postgres
--

ALTER TABLE ONLY public.core_response
    ADD CONSTRAINT core_response_slug_key UNIQUE (slug);


--
-- Name: core_review core_review_pkey; Type: CONSTRAINT; Schema: public; Owner: postgres
--

ALTER TABLE ONLY public.core_review
    ADD CONSTRAINT core_review_pkey PRIMARY KEY (id);


--
-- Name: core_review core_review_reviewer_id_recipient_id_61d22b9a_uniq; Type: CONSTRAINT; Schema: public; Owner: postgres
--

ALTER TABLE ONLY public.core_review
    ADD CONSTRAINT core_review_reviewer_id_recipient_id_61d22b9a_uniq UNIQUE (reviewer_id, recipient_id);


--
-- Name: django_admin_log django_admin_log_pkey; Type: CONSTRAINT; Schema: public; Owner: postgres
--

ALTER TABLE ONLY public.django_admin_log
    ADD CONSTRAINT django_admin_log_pkey PRIMARY KEY (id);


--
-- Name: django_content_type django_content_type_app_label_model_76bd3d3b_uniq; Type: CONSTRAINT; Schema: public; Owner: postgres
--

ALTER TABLE ONLY public.django_content_type
    ADD CONSTRAINT django_content_type_app_label_model_76bd3d3b_uniq UNIQUE (app_label, model);


--
-- Name: django_content_type django_content_type_pkey; Type: CONSTRAINT; Schema: public; Owner: postgres
--

ALTER TABLE ONLY public.django_content_type
    ADD CONSTRAINT django_content_type_pkey PRIMARY KEY (id);


--
-- Name: django_migrations django_migrations_pkey; Type: CONSTRAINT; Schema: public; Owner: postgres
--

ALTER TABLE ONLY public.django_migrations
    ADD CONSTRAINT django_migrations_pkey PRIMARY KEY (id);


--
-- Name: django_session django_session_pkey; Type: CONSTRAINT; Schema: public; Owner: postgres
--

ALTER TABLE ONLY public.django_session
    ADD CONSTRAINT django_session_pkey PRIMARY KEY (session_key);


--
-- Name: invoicemgmt_invoice invoicemgmt_invoice_invoice_number_key; Type: CONSTRAINT; Schema: public; Owner: postgres
--

ALTER TABLE ONLY public.invoicemgmt_invoice
    ADD CONSTRAINT invoicemgmt_invoice_invoice_number_key UNIQUE (invoice_number);


--
-- Name: invoicemgmt_invoice invoicemgmt_invoice_pkey; Type: CONSTRAINT; Schema: public; Owner: postgres
--

ALTER TABLE ONLY public.invoicemgmt_invoice
    ADD CONSTRAINT invoicemgmt_invoice_pkey PRIMARY KEY (id);


--
-- Name: invoicemgmt_invoicelineitem invoicemgmt_invoicelineitem_pkey; Type: CONSTRAINT; Schema: public; Owner: postgres
--

ALTER TABLE ONLY public.invoicemgmt_invoicelineitem
    ADD CONSTRAINT invoicemgmt_invoicelineitem_pkey PRIMARY KEY (id);


--
-- Name: payment_payment payment_payment_pkey; Type: CONSTRAINT; Schema: public; Owner: postgres
--

ALTER TABLE ONLY public.payment_payment
    ADD CONSTRAINT payment_payment_pkey PRIMARY KEY (id);


--
-- Name: payments_paypalpayments payments_paypalpayments_invoice_key; Type: CONSTRAINT; Schema: public; Owner: postgres
--

ALTER TABLE ONLY public.payments_paypalpayments
    ADD CONSTRAINT payments_paypalpayments_invoice_key UNIQUE (invoice);


--
-- Name: payments_paypalpayments payments_paypalpayments_pkey; Type: CONSTRAINT; Schema: public; Owner: postgres
--

ALTER TABLE ONLY public.payments_paypalpayments
    ADD CONSTRAINT payments_paypalpayments_pkey PRIMARY KEY (id);


--
-- Name: paypal_ipn paypal_ipn_pkey; Type: CONSTRAINT; Schema: public; Owner: postgres
--

ALTER TABLE ONLY public.paypal_ipn
    ADD CONSTRAINT paypal_ipn_pkey PRIMARY KEY (id);


--
-- Name: token_blacklist_blacklistedtoken token_blacklist_blacklistedtoken_pkey; Type: CONSTRAINT; Schema: public; Owner: postgres
--

ALTER TABLE ONLY public.token_blacklist_blacklistedtoken
    ADD CONSTRAINT token_blacklist_blacklistedtoken_pkey PRIMARY KEY (id);


--
-- Name: token_blacklist_blacklistedtoken token_blacklist_blacklistedtoken_token_id_key; Type: CONSTRAINT; Schema: public; Owner: postgres
--

ALTER TABLE ONLY public.token_blacklist_blacklistedtoken
    ADD CONSTRAINT token_blacklist_blacklistedtoken_token_id_key UNIQUE (token_id);


--
-- Name: token_blacklist_outstandingtoken token_blacklist_outstandingtoken_jti_hex_d9bdf6f7_uniq; Type: CONSTRAINT; Schema: public; Owner: postgres
--

ALTER TABLE ONLY public.token_blacklist_outstandingtoken
    ADD CONSTRAINT token_blacklist_outstandingtoken_jti_hex_d9bdf6f7_uniq UNIQUE (jti);


--
-- Name: token_blacklist_outstandingtoken token_blacklist_outstandingtoken_pkey; Type: CONSTRAINT; Schema: public; Owner: postgres
--

ALTER TABLE ONLY public.token_blacklist_outstandingtoken
    ADD CONSTRAINT token_blacklist_outstandingtoken_pkey PRIMARY KEY (id);


--
-- Name: wallet_rate wallet_rate_pkey; Type: CONSTRAINT; Schema: public; Owner: postgres
--

ALTER TABLE ONLY public.wallet_rate
    ADD CONSTRAINT wallet_rate_pkey PRIMARY KEY (id);


--
-- Name: wallet_wallettransaction wallet_wallettransaction_job_id_8b52f40e_uniq; Type: CONSTRAINT; Schema: public; Owner: postgres
--

ALTER TABLE ONLY public.wallet_wallettransaction
    ADD CONSTRAINT wallet_wallettransaction_job_id_8b52f40e_uniq UNIQUE (job_id);


--
-- Name: wallet_wallettransaction wallet_wallettransaction_pkey; Type: CONSTRAINT; Schema: public; Owner: postgres
--

ALTER TABLE ONLY public.wallet_wallettransaction
    ADD CONSTRAINT wallet_wallettransaction_pkey PRIMARY KEY (id);


--
-- Name: wallet_wallettransaction wallet_wallettransaction_transaction_id_key; Type: CONSTRAINT; Schema: public; Owner: postgres
--

ALTER TABLE ONLY public.wallet_wallettransaction
    ADD CONSTRAINT wallet_wallettransaction_transaction_id_key UNIQUE (transaction_id);


--
-- Name: academy_training_client_id_ccc1613b; Type: INDEX; Schema: public; Owner: postgres
--

CREATE INDEX academy_training_client_id_ccc1613b ON public.academy_training USING btree (client_id);


--
-- Name: academy_training_job_id_3d1d9cf7; Type: INDEX; Schema: public; Owner: postgres
--

CREATE INDEX academy_training_job_id_3d1d9cf7 ON public.academy_training USING btree (job_id);


--
-- Name: academy_training_slug_0a81de03_like; Type: INDEX; Schema: public; Owner: postgres
--

CREATE INDEX academy_training_slug_0a81de03_like ON public.academy_training USING btree (slug varchar_pattern_ops);


--
-- Name: accounts_clientprofile_languages_clientprofile_id_da9d40e3; Type: INDEX; Schema: public; Owner: postgres
--

CREATE INDEX accounts_clientprofile_languages_clientprofile_id_da9d40e3 ON public.accounts_clientprofile_languages USING btree (clientprofile_id);


--
-- Name: accounts_clientprofile_languages_language_id_fac06769; Type: INDEX; Schema: public; Owner: postgres
--

CREATE INDEX accounts_clientprofile_languages_language_id_fac06769 ON public.accounts_clientprofile_languages USING btree (language_id);


--
-- Name: accounts_freelancerprofile_freelancerprofile_id_21ff94dc; Type: INDEX; Schema: public; Owner: postgres
--

CREATE INDEX accounts_freelancerprofile_freelancerprofile_id_21ff94dc ON public.accounts_freelancerprofile_languages USING btree (freelancerprofile_id);


--
-- Name: accounts_freelancerprofile_languages_language_id_794589d6; Type: INDEX; Schema: public; Owner: postgres
--

CREATE INDEX accounts_freelancerprofile_languages_language_id_794589d6 ON public.accounts_freelancerprofile_languages USING btree (language_id);


--
-- Name: accounts_freelancerprofile_skills_freelancerprofile_id_ee10783f; Type: INDEX; Schema: public; Owner: postgres
--

CREATE INDEX accounts_freelancerprofile_skills_freelancerprofile_id_ee10783f ON public.accounts_freelancerprofile_skills USING btree (freelancerprofile_id);


--
-- Name: accounts_freelancerprofile_skills_skill_id_d07b2f8b; Type: INDEX; Schema: public; Owner: postgres
--

CREATE INDEX accounts_freelancerprofile_skills_skill_id_d07b2f8b ON public.accounts_freelancerprofile_skills USING btree (skill_id);


--
-- Name: accounts_language_name_131a3874_like; Type: INDEX; Schema: public; Owner: postgres
--

CREATE INDEX accounts_language_name_131a3874_like ON public.accounts_language USING btree (name varchar_pattern_ops);


--
-- Name: accounts_skill_name_f8670bb6_like; Type: INDEX; Schema: public; Owner: postgres
--

CREATE INDEX accounts_skill_name_f8670bb6_like ON public.accounts_skill USING btree (name varchar_pattern_ops);


--
-- Name: auth_group_name_a6ea08ec_like; Type: INDEX; Schema: public; Owner: postgres
--

CREATE INDEX auth_group_name_a6ea08ec_like ON public.auth_group USING btree (name varchar_pattern_ops);


--
-- Name: auth_group_permissions_group_id_b120cbf9; Type: INDEX; Schema: public; Owner: postgres
--

CREATE INDEX auth_group_permissions_group_id_b120cbf9 ON public.auth_group_permissions USING btree (group_id);


--
-- Name: auth_group_permissions_permission_id_84c5c92e; Type: INDEX; Schema: public; Owner: postgres
--

CREATE INDEX auth_group_permissions_permission_id_84c5c92e ON public.auth_group_permissions USING btree (permission_id);


--
-- Name: auth_permission_content_type_id_2f476e4b; Type: INDEX; Schema: public; Owner: postgres
--

CREATE INDEX auth_permission_content_type_id_2f476e4b ON public.auth_permission USING btree (content_type_id);


--
-- Name: auth_user_groups_group_id_97559544; Type: INDEX; Schema: public; Owner: postgres
--

CREATE INDEX auth_user_groups_group_id_97559544 ON public.auth_user_groups USING btree (group_id);


--
-- Name: auth_user_groups_user_id_6a12ed8b; Type: INDEX; Schema: public; Owner: postgres
--

CREATE INDEX auth_user_groups_user_id_6a12ed8b ON public.auth_user_groups USING btree (user_id);


--
-- Name: auth_user_user_permissions_permission_id_1fbb5f2c; Type: INDEX; Schema: public; Owner: postgres
--

CREATE INDEX auth_user_user_permissions_permission_id_1fbb5f2c ON public.auth_user_user_permissions USING btree (permission_id);


--
-- Name: auth_user_user_permissions_user_id_a95ead1b; Type: INDEX; Schema: public; Owner: postgres
--

CREATE INDEX auth_user_user_permissions_user_id_a95ead1b ON public.auth_user_user_permissions USING btree (user_id);


--
-- Name: auth_user_username_6821ab7c_like; Type: INDEX; Schema: public; Owner: postgres
--

CREATE INDEX auth_user_username_6821ab7c_like ON public.auth_user USING btree (username varchar_pattern_ops);


--
-- Name: core_chat_client_id_34d555e3; Type: INDEX; Schema: public; Owner: postgres
--

CREATE INDEX core_chat_client_id_34d555e3 ON public.core_chat USING btree (client_id);


--
-- Name: core_chat_freelancer_id_68e802e1; Type: INDEX; Schema: public; Owner: postgres
--

CREATE INDEX core_chat_freelancer_id_68e802e1 ON public.core_chat USING btree (freelancer_id);


--
-- Name: core_chat_job_id_9fc4f916; Type: INDEX; Schema: public; Owner: postgres
--

CREATE INDEX core_chat_job_id_9fc4f916 ON public.core_chat USING btree (job_id);


--
-- Name: core_chat_slug_7a9131d5_like; Type: INDEX; Schema: public; Owner: postgres
--

CREATE INDEX core_chat_slug_7a9131d5_like ON public.core_chat USING btree (slug varchar_pattern_ops);


--
-- Name: core_job_client_id_38b83df9; Type: INDEX; Schema: public; Owner: postgres
--

CREATE INDEX core_job_client_id_38b83df9 ON public.core_job USING btree (client_id);


--
-- Name: core_job_selected_freelancer_id_2770a7d9; Type: INDEX; Schema: public; Owner: postgres
--

CREATE INDEX core_job_selected_freelancer_id_2770a7d9 ON public.core_job USING btree (selected_freelancer_id);


--
-- Name: core_job_slug_bf5dd4f1_like; Type: INDEX; Schema: public; Owner: postgres
--

CREATE INDEX core_job_slug_bf5dd4f1_like ON public.core_job USING btree (slug varchar_pattern_ops);


--
-- Name: core_jobassignment_freelancer_id_9176e9b9; Type: INDEX; Schema: public; Owner: postgres
--

CREATE INDEX core_jobassignment_freelancer_id_9176e9b9 ON public.core_jobassignment USING btree (freelancer_id);


--
-- Name: core_jobassignment_job_id_c2285906; Type: INDEX; Schema: public; Owner: postgres
--

CREATE INDEX core_jobassignment_job_id_c2285906 ON public.core_jobassignment USING btree (job_id);


--
-- Name: core_message_chat_id_5c41472a; Type: INDEX; Schema: public; Owner: postgres
--

CREATE INDEX core_message_chat_id_5c41472a ON public.core_message USING btree (chat_id);


--
-- Name: core_message_sender_id_0ecf4560; Type: INDEX; Schema: public; Owner: postgres
--

CREATE INDEX core_message_sender_id_0ecf4560 ON public.core_message USING btree (sender_id);


--
-- Name: core_messageattachment_message_id_bd983a4a; Type: INDEX; Schema: public; Owner: postgres
--

CREATE INDEX core_messageattachment_message_id_bd983a4a ON public.core_messageattachment USING btree (message_id);


--
-- Name: core_response_job_id_d1f804c3; Type: INDEX; Schema: public; Owner: postgres
--

CREATE INDEX core_response_job_id_d1f804c3 ON public.core_response USING btree (job_id);


--
-- Name: core_response_slug_dbe93816_like; Type: INDEX; Schema: public; Owner: postgres
--

CREATE INDEX core_response_slug_dbe93816_like ON public.core_response USING btree (slug varchar_pattern_ops);


--
-- Name: core_response_user_id_3c08ccf0; Type: INDEX; Schema: public; Owner: postgres
--

CREATE INDEX core_response_user_id_3c08ccf0 ON public.core_response USING btree (user_id);


--
-- Name: core_review_recipient_id_af9a9d26; Type: INDEX; Schema: public; Owner: postgres
--

CREATE INDEX core_review_recipient_id_af9a9d26 ON public.core_review USING btree (recipient_id);


--
-- Name: core_review_reviewer_id_b24f930d; Type: INDEX; Schema: public; Owner: postgres
--

CREATE INDEX core_review_reviewer_id_b24f930d ON public.core_review USING btree (reviewer_id);


--
-- Name: django_admin_log_content_type_id_c4bce8eb; Type: INDEX; Schema: public; Owner: postgres
--

CREATE INDEX django_admin_log_content_type_id_c4bce8eb ON public.django_admin_log USING btree (content_type_id);


--
-- Name: django_admin_log_user_id_c564eba6; Type: INDEX; Schema: public; Owner: postgres
--

CREATE INDEX django_admin_log_user_id_c564eba6 ON public.django_admin_log USING btree (user_id);


--
-- Name: django_session_expire_date_a5c62663; Type: INDEX; Schema: public; Owner: postgres
--

CREATE INDEX django_session_expire_date_a5c62663 ON public.django_session USING btree (expire_date);


--
-- Name: django_session_session_key_c0390e0f_like; Type: INDEX; Schema: public; Owner: postgres
--

CREATE INDEX django_session_session_key_c0390e0f_like ON public.django_session USING btree (session_key varchar_pattern_ops);


--
-- Name: invoicemgmt_invoice_client_id_71f4c8e4; Type: INDEX; Schema: public; Owner: postgres
--

CREATE INDEX invoicemgmt_invoice_client_id_71f4c8e4 ON public.invoicemgmt_invoice USING btree (client_id);


--
-- Name: invoicemgmt_invoicelineitem_invoice_id_d0ed3944; Type: INDEX; Schema: public; Owner: postgres
--

CREATE INDEX invoicemgmt_invoicelineitem_invoice_id_d0ed3944 ON public.invoicemgmt_invoicelineitem USING btree (invoice_id);


--
-- Name: payment_payment_job_id_e19a119f; Type: INDEX; Schema: public; Owner: postgres
--

CREATE INDEX payment_payment_job_id_e19a119f ON public.payment_payment USING btree (job_id);


--
-- Name: payment_payment_user_id_f428ca02; Type: INDEX; Schema: public; Owner: postgres
--

CREATE INDEX payment_payment_user_id_f428ca02 ON public.payment_payment USING btree (user_id);


--
-- Name: payments_paypalpayments_invoice_38e8f449_like; Type: INDEX; Schema: public; Owner: postgres
--

CREATE INDEX payments_paypalpayments_invoice_38e8f449_like ON public.payments_paypalpayments USING btree (invoice varchar_pattern_ops);


--
-- Name: payments_paypalpayments_job_id_4ca9749c; Type: INDEX; Schema: public; Owner: postgres
--

CREATE INDEX payments_paypalpayments_job_id_4ca9749c ON public.payments_paypalpayments USING btree (job_id);


--
-- Name: payments_paypalpayments_user_id_c7752023; Type: INDEX; Schema: public; Owner: postgres
--

CREATE INDEX payments_paypalpayments_user_id_c7752023 ON public.payments_paypalpayments USING btree (user_id);


--
-- Name: paypal_ipn_txn_id_8fa22c44; Type: INDEX; Schema: public; Owner: postgres
--

CREATE INDEX paypal_ipn_txn_id_8fa22c44 ON public.paypal_ipn USING btree (txn_id);


--
-- Name: paypal_ipn_txn_id_8fa22c44_like; Type: INDEX; Schema: public; Owner: postgres
--

CREATE INDEX paypal_ipn_txn_id_8fa22c44_like ON public.paypal_ipn USING btree (txn_id varchar_pattern_ops);


--
-- Name: token_blacklist_outstandingtoken_jti_hex_d9bdf6f7_like; Type: INDEX; Schema: public; Owner: postgres
--

CREATE INDEX token_blacklist_outstandingtoken_jti_hex_d9bdf6f7_like ON public.token_blacklist_outstandingtoken USING btree (jti varchar_pattern_ops);


--
-- Name: token_blacklist_outstandingtoken_user_id_83bc629a; Type: INDEX; Schema: public; Owner: postgres
--

CREATE INDEX token_blacklist_outstandingtoken_user_id_83bc629a ON public.token_blacklist_outstandingtoken USING btree (user_id);


--
-- Name: wallet_wall_status_66d39d_idx; Type: INDEX; Schema: public; Owner: postgres
--

CREATE INDEX wallet_wall_status_66d39d_idx ON public.wallet_wallettransaction USING btree (status);


--
-- Name: wallet_wall_timesta_59b20e_idx; Type: INDEX; Schema: public; Owner: postgres
--

CREATE INDEX wallet_wall_timesta_59b20e_idx ON public.wallet_wallettransaction USING btree ("timestamp");


--
-- Name: wallet_wall_transac_2c0a43_idx; Type: INDEX; Schema: public; Owner: postgres
--

CREATE INDEX wallet_wall_transac_2c0a43_idx ON public.wallet_wallettransaction USING btree (transaction_type);


--
-- Name: wallet_wall_user_id_308704_idx; Type: INDEX; Schema: public; Owner: postgres
--

CREATE INDEX wallet_wall_user_id_308704_idx ON public.wallet_wallettransaction USING btree (user_id);


--
-- Name: wallet_wallettransaction_transaction_id_271ed513_like; Type: INDEX; Schema: public; Owner: postgres
--

CREATE INDEX wallet_wallettransaction_transaction_id_271ed513_like ON public.wallet_wallettransaction USING btree (transaction_id varchar_pattern_ops);


--
-- Name: wallet_wallettransaction_user_id_6fe5188a; Type: INDEX; Schema: public; Owner: postgres
--

CREATE INDEX wallet_wallettransaction_user_id_6fe5188a ON public.wallet_wallettransaction USING btree (user_id);


--
-- Name: academy_training academy_training_client_id_ccc1613b_fk_auth_user_id; Type: FK CONSTRAINT; Schema: public; Owner: postgres
--

ALTER TABLE ONLY public.academy_training
    ADD CONSTRAINT academy_training_client_id_ccc1613b_fk_auth_user_id FOREIGN KEY (client_id) REFERENCES public.auth_user(id) DEFERRABLE INITIALLY DEFERRED;


--
-- Name: academy_training academy_training_job_id_3d1d9cf7_fk_core_job_id; Type: FK CONSTRAINT; Schema: public; Owner: postgres
--

ALTER TABLE ONLY public.academy_training
    ADD CONSTRAINT academy_training_job_id_3d1d9cf7_fk_core_job_id FOREIGN KEY (job_id) REFERENCES public.core_job(id) DEFERRABLE INITIALLY DEFERRED;


--
-- Name: accounts_clientprofile_languages accounts_clientprofi_clientprofile_id_da9d40e3_fk_accounts_; Type: FK CONSTRAINT; Schema: public; Owner: postgres
--

ALTER TABLE ONLY public.accounts_clientprofile_languages
    ADD CONSTRAINT accounts_clientprofi_clientprofile_id_da9d40e3_fk_accounts_ FOREIGN KEY (clientprofile_id) REFERENCES public.accounts_clientprofile(id) DEFERRABLE INITIALLY DEFERRED;


--
-- Name: accounts_clientprofile_languages accounts_clientprofi_language_id_fac06769_fk_accounts_; Type: FK CONSTRAINT; Schema: public; Owner: postgres
--

ALTER TABLE ONLY public.accounts_clientprofile_languages
    ADD CONSTRAINT accounts_clientprofi_language_id_fac06769_fk_accounts_ FOREIGN KEY (language_id) REFERENCES public.accounts_language(id) DEFERRABLE INITIALLY DEFERRED;


--
-- Name: accounts_clientprofile accounts_clientprofi_profile_id_72ce6a4f_fk_accounts_; Type: FK CONSTRAINT; Schema: public; Owner: postgres
--

ALTER TABLE ONLY public.accounts_clientprofile
    ADD CONSTRAINT accounts_clientprofi_profile_id_72ce6a4f_fk_accounts_ FOREIGN KEY (profile_id) REFERENCES public.accounts_profile(id) DEFERRABLE INITIALLY DEFERRED;


--
-- Name: accounts_freelancerprofile_languages accounts_freelancerp_freelancerprofile_id_21ff94dc_fk_accounts_; Type: FK CONSTRAINT; Schema: public; Owner: postgres
--

ALTER TABLE ONLY public.accounts_freelancerprofile_languages
    ADD CONSTRAINT accounts_freelancerp_freelancerprofile_id_21ff94dc_fk_accounts_ FOREIGN KEY (freelancerprofile_id) REFERENCES public.accounts_freelancerprofile(id) DEFERRABLE INITIALLY DEFERRED;


--
-- Name: accounts_freelancerprofile_skills accounts_freelancerp_freelancerprofile_id_ee10783f_fk_accounts_; Type: FK CONSTRAINT; Schema: public; Owner: postgres
--

ALTER TABLE ONLY public.accounts_freelancerprofile_skills
    ADD CONSTRAINT accounts_freelancerp_freelancerprofile_id_ee10783f_fk_accounts_ FOREIGN KEY (freelancerprofile_id) REFERENCES public.accounts_freelancerprofile(id) DEFERRABLE INITIALLY DEFERRED;


--
-- Name: accounts_freelancerprofile_languages accounts_freelancerp_language_id_794589d6_fk_accounts_; Type: FK CONSTRAINT; Schema: public; Owner: postgres
--

ALTER TABLE ONLY public.accounts_freelancerprofile_languages
    ADD CONSTRAINT accounts_freelancerp_language_id_794589d6_fk_accounts_ FOREIGN KEY (language_id) REFERENCES public.accounts_language(id) DEFERRABLE INITIALLY DEFERRED;


--
-- Name: accounts_freelancerprofile accounts_freelancerp_profile_id_6687a114_fk_accounts_; Type: FK CONSTRAINT; Schema: public; Owner: postgres
--

ALTER TABLE ONLY public.accounts_freelancerprofile
    ADD CONSTRAINT accounts_freelancerp_profile_id_6687a114_fk_accounts_ FOREIGN KEY (profile_id) REFERENCES public.accounts_profile(id) DEFERRABLE INITIALLY DEFERRED;


--
-- Name: accounts_freelancerprofile_skills accounts_freelancerp_skill_id_d07b2f8b_fk_accounts_; Type: FK CONSTRAINT; Schema: public; Owner: postgres
--

ALTER TABLE ONLY public.accounts_freelancerprofile_skills
    ADD CONSTRAINT accounts_freelancerp_skill_id_d07b2f8b_fk_accounts_ FOREIGN KEY (skill_id) REFERENCES public.accounts_skill(id) DEFERRABLE INITIALLY DEFERRED;


--
-- Name: accounts_profile accounts_profile_user_id_49a85d32_fk_auth_user_id; Type: FK CONSTRAINT; Schema: public; Owner: postgres
--

ALTER TABLE ONLY public.accounts_profile
    ADD CONSTRAINT accounts_profile_user_id_49a85d32_fk_auth_user_id FOREIGN KEY (user_id) REFERENCES public.auth_user(id) DEFERRABLE INITIALLY DEFERRED;


--
-- Name: auth_group_permissions auth_group_permissio_permission_id_84c5c92e_fk_auth_perm; Type: FK CONSTRAINT; Schema: public; Owner: postgres
--

ALTER TABLE ONLY public.auth_group_permissions
    ADD CONSTRAINT auth_group_permissio_permission_id_84c5c92e_fk_auth_perm FOREIGN KEY (permission_id) REFERENCES public.auth_permission(id) DEFERRABLE INITIALLY DEFERRED;


--
-- Name: auth_group_permissions auth_group_permissions_group_id_b120cbf9_fk_auth_group_id; Type: FK CONSTRAINT; Schema: public; Owner: postgres
--

ALTER TABLE ONLY public.auth_group_permissions
    ADD CONSTRAINT auth_group_permissions_group_id_b120cbf9_fk_auth_group_id FOREIGN KEY (group_id) REFERENCES public.auth_group(id) DEFERRABLE INITIALLY DEFERRED;


--
-- Name: auth_permission auth_permission_content_type_id_2f476e4b_fk_django_co; Type: FK CONSTRAINT; Schema: public; Owner: postgres
--

ALTER TABLE ONLY public.auth_permission
    ADD CONSTRAINT auth_permission_content_type_id_2f476e4b_fk_django_co FOREIGN KEY (content_type_id) REFERENCES public.django_content_type(id) DEFERRABLE INITIALLY DEFERRED;


--
-- Name: auth_user_groups auth_user_groups_group_id_97559544_fk_auth_group_id; Type: FK CONSTRAINT; Schema: public; Owner: postgres
--

ALTER TABLE ONLY public.auth_user_groups
    ADD CONSTRAINT auth_user_groups_group_id_97559544_fk_auth_group_id FOREIGN KEY (group_id) REFERENCES public.auth_group(id) DEFERRABLE INITIALLY DEFERRED;


--
-- Name: auth_user_groups auth_user_groups_user_id_6a12ed8b_fk_auth_user_id; Type: FK CONSTRAINT; Schema: public; Owner: postgres
--

ALTER TABLE ONLY public.auth_user_groups
    ADD CONSTRAINT auth_user_groups_user_id_6a12ed8b_fk_auth_user_id FOREIGN KEY (user_id) REFERENCES public.auth_user(id) DEFERRABLE INITIALLY DEFERRED;


--
-- Name: auth_user_user_permissions auth_user_user_permi_permission_id_1fbb5f2c_fk_auth_perm; Type: FK CONSTRAINT; Schema: public; Owner: postgres
--

ALTER TABLE ONLY public.auth_user_user_permissions
    ADD CONSTRAINT auth_user_user_permi_permission_id_1fbb5f2c_fk_auth_perm FOREIGN KEY (permission_id) REFERENCES public.auth_permission(id) DEFERRABLE INITIALLY DEFERRED;


--
-- Name: auth_user_user_permissions auth_user_user_permissions_user_id_a95ead1b_fk_auth_user_id; Type: FK CONSTRAINT; Schema: public; Owner: postgres
--

ALTER TABLE ONLY public.auth_user_user_permissions
    ADD CONSTRAINT auth_user_user_permissions_user_id_a95ead1b_fk_auth_user_id FOREIGN KEY (user_id) REFERENCES public.auth_user(id) DEFERRABLE INITIALLY DEFERRED;


--
-- Name: core_chat core_chat_client_id_34d555e3_fk_accounts_profile_id; Type: FK CONSTRAINT; Schema: public; Owner: postgres
--

ALTER TABLE ONLY public.core_chat
    ADD CONSTRAINT core_chat_client_id_34d555e3_fk_accounts_profile_id FOREIGN KEY (client_id) REFERENCES public.accounts_profile(id) DEFERRABLE INITIALLY DEFERRED;


--
-- Name: core_chat core_chat_freelancer_id_68e802e1_fk_accounts_profile_id; Type: FK CONSTRAINT; Schema: public; Owner: postgres
--

ALTER TABLE ONLY public.core_chat
    ADD CONSTRAINT core_chat_freelancer_id_68e802e1_fk_accounts_profile_id FOREIGN KEY (freelancer_id) REFERENCES public.accounts_profile(id) DEFERRABLE INITIALLY DEFERRED;


--
-- Name: core_chat core_chat_job_id_9fc4f916_fk_core_job_id; Type: FK CONSTRAINT; Schema: public; Owner: postgres
--

ALTER TABLE ONLY public.core_chat
    ADD CONSTRAINT core_chat_job_id_9fc4f916_fk_core_job_id FOREIGN KEY (job_id) REFERENCES public.core_job(id) DEFERRABLE INITIALLY DEFERRED;


--
-- Name: core_job core_job_client_id_38b83df9_fk_accounts_profile_id; Type: FK CONSTRAINT; Schema: public; Owner: postgres
--

ALTER TABLE ONLY public.core_job
    ADD CONSTRAINT core_job_client_id_38b83df9_fk_accounts_profile_id FOREIGN KEY (client_id) REFERENCES public.accounts_profile(id) DEFERRABLE INITIALLY DEFERRED;


--
-- Name: core_job core_job_selected_freelancer_id_2770a7d9_fk_auth_user_id; Type: FK CONSTRAINT; Schema: public; Owner: postgres
--

ALTER TABLE ONLY public.core_job
    ADD CONSTRAINT core_job_selected_freelancer_id_2770a7d9_fk_auth_user_id FOREIGN KEY (selected_freelancer_id) REFERENCES public.auth_user(id) DEFERRABLE INITIALLY DEFERRED;


--
-- Name: core_jobassignment core_jobassignment_freelancer_id_9176e9b9_fk_accounts_; Type: FK CONSTRAINT; Schema: public; Owner: postgres
--

ALTER TABLE ONLY public.core_jobassignment
    ADD CONSTRAINT core_jobassignment_freelancer_id_9176e9b9_fk_accounts_ FOREIGN KEY (freelancer_id) REFERENCES public.accounts_profile(id) DEFERRABLE INITIALLY DEFERRED;


--
-- Name: core_jobassignment core_jobassignment_job_id_c2285906_fk_core_job_id; Type: FK CONSTRAINT; Schema: public; Owner: postgres
--

ALTER TABLE ONLY public.core_jobassignment
    ADD CONSTRAINT core_jobassignment_job_id_c2285906_fk_core_job_id FOREIGN KEY (job_id) REFERENCES public.core_job(id) DEFERRABLE INITIALLY DEFERRED;


--
-- Name: core_message core_message_chat_id_5c41472a_fk_core_chat_id; Type: FK CONSTRAINT; Schema: public; Owner: postgres
--

ALTER TABLE ONLY public.core_message
    ADD CONSTRAINT core_message_chat_id_5c41472a_fk_core_chat_id FOREIGN KEY (chat_id) REFERENCES public.core_chat(id) DEFERRABLE INITIALLY DEFERRED;


--
-- Name: core_message core_message_sender_id_0ecf4560_fk_auth_user_id; Type: FK CONSTRAINT; Schema: public; Owner: postgres
--

ALTER TABLE ONLY public.core_message
    ADD CONSTRAINT core_message_sender_id_0ecf4560_fk_auth_user_id FOREIGN KEY (sender_id) REFERENCES public.auth_user(id) DEFERRABLE INITIALLY DEFERRED;


--
-- Name: core_messageattachment core_messageattachment_message_id_bd983a4a_fk_core_message_id; Type: FK CONSTRAINT; Schema: public; Owner: postgres
--

ALTER TABLE ONLY public.core_messageattachment
    ADD CONSTRAINT core_messageattachment_message_id_bd983a4a_fk_core_message_id FOREIGN KEY (message_id) REFERENCES public.core_message(id) DEFERRABLE INITIALLY DEFERRED;


--
-- Name: core_response core_response_job_id_d1f804c3_fk_core_job_id; Type: FK CONSTRAINT; Schema: public; Owner: postgres
--

ALTER TABLE ONLY public.core_response
    ADD CONSTRAINT core_response_job_id_d1f804c3_fk_core_job_id FOREIGN KEY (job_id) REFERENCES public.core_job(id) DEFERRABLE INITIALLY DEFERRED;


--
-- Name: core_response core_response_user_id_3c08ccf0_fk_auth_user_id; Type: FK CONSTRAINT; Schema: public; Owner: postgres
--

ALTER TABLE ONLY public.core_response
    ADD CONSTRAINT core_response_user_id_3c08ccf0_fk_auth_user_id FOREIGN KEY (user_id) REFERENCES public.auth_user(id) DEFERRABLE INITIALLY DEFERRED;


--
-- Name: core_review core_review_recipient_id_af9a9d26_fk_auth_user_id; Type: FK CONSTRAINT; Schema: public; Owner: postgres
--

ALTER TABLE ONLY public.core_review
    ADD CONSTRAINT core_review_recipient_id_af9a9d26_fk_auth_user_id FOREIGN KEY (recipient_id) REFERENCES public.auth_user(id) DEFERRABLE INITIALLY DEFERRED;


--
-- Name: core_review core_review_reviewer_id_b24f930d_fk_auth_user_id; Type: FK CONSTRAINT; Schema: public; Owner: postgres
--

ALTER TABLE ONLY public.core_review
    ADD CONSTRAINT core_review_reviewer_id_b24f930d_fk_auth_user_id FOREIGN KEY (reviewer_id) REFERENCES public.auth_user(id) DEFERRABLE INITIALLY DEFERRED;


--
-- Name: django_admin_log django_admin_log_content_type_id_c4bce8eb_fk_django_co; Type: FK CONSTRAINT; Schema: public; Owner: postgres
--

ALTER TABLE ONLY public.django_admin_log
    ADD CONSTRAINT django_admin_log_content_type_id_c4bce8eb_fk_django_co FOREIGN KEY (content_type_id) REFERENCES public.django_content_type(id) DEFERRABLE INITIALLY DEFERRED;


--
-- Name: django_admin_log django_admin_log_user_id_c564eba6_fk_auth_user_id; Type: FK CONSTRAINT; Schema: public; Owner: postgres
--

ALTER TABLE ONLY public.django_admin_log
    ADD CONSTRAINT django_admin_log_user_id_c564eba6_fk_auth_user_id FOREIGN KEY (user_id) REFERENCES public.auth_user(id) DEFERRABLE INITIALLY DEFERRED;


--
-- Name: invoicemgmt_invoice invoicemgmt_invoice_client_id_71f4c8e4_fk_auth_user_id; Type: FK CONSTRAINT; Schema: public; Owner: postgres
--

ALTER TABLE ONLY public.invoicemgmt_invoice
    ADD CONSTRAINT invoicemgmt_invoice_client_id_71f4c8e4_fk_auth_user_id FOREIGN KEY (client_id) REFERENCES public.auth_user(id) DEFERRABLE INITIALLY DEFERRED;


--
-- Name: invoicemgmt_invoicelineitem invoicemgmt_invoicel_invoice_id_d0ed3944_fk_invoicemg; Type: FK CONSTRAINT; Schema: public; Owner: postgres
--

ALTER TABLE ONLY public.invoicemgmt_invoicelineitem
    ADD CONSTRAINT invoicemgmt_invoicel_invoice_id_d0ed3944_fk_invoicemg FOREIGN KEY (invoice_id) REFERENCES public.invoicemgmt_invoice(id) DEFERRABLE INITIALLY DEFERRED;


--
-- Name: payment_payment payment_payment_job_id_e19a119f_fk_core_job_id; Type: FK CONSTRAINT; Schema: public; Owner: postgres
--

ALTER TABLE ONLY public.payment_payment
    ADD CONSTRAINT payment_payment_job_id_e19a119f_fk_core_job_id FOREIGN KEY (job_id) REFERENCES public.core_job(id) DEFERRABLE INITIALLY DEFERRED;


--
-- Name: payment_payment payment_payment_user_id_f428ca02_fk_auth_user_id; Type: FK CONSTRAINT; Schema: public; Owner: postgres
--

ALTER TABLE ONLY public.payment_payment
    ADD CONSTRAINT payment_payment_user_id_f428ca02_fk_auth_user_id FOREIGN KEY (user_id) REFERENCES public.auth_user(id) DEFERRABLE INITIALLY DEFERRED;


--
-- Name: payments_paypalpayments payments_paypalpayments_job_id_4ca9749c_fk_core_job_id; Type: FK CONSTRAINT; Schema: public; Owner: postgres
--

ALTER TABLE ONLY public.payments_paypalpayments
    ADD CONSTRAINT payments_paypalpayments_job_id_4ca9749c_fk_core_job_id FOREIGN KEY (job_id) REFERENCES public.core_job(id) DEFERRABLE INITIALLY DEFERRED;


--
-- Name: payments_paypalpayments payments_paypalpayments_user_id_c7752023_fk_auth_user_id; Type: FK CONSTRAINT; Schema: public; Owner: postgres
--

ALTER TABLE ONLY public.payments_paypalpayments
    ADD CONSTRAINT payments_paypalpayments_user_id_c7752023_fk_auth_user_id FOREIGN KEY (user_id) REFERENCES public.auth_user(id) DEFERRABLE INITIALLY DEFERRED;


--
-- Name: token_blacklist_blacklistedtoken token_blacklist_blacklistedtoken_token_id_3cc7fe56_fk; Type: FK CONSTRAINT; Schema: public; Owner: postgres
--

ALTER TABLE ONLY public.token_blacklist_blacklistedtoken
    ADD CONSTRAINT token_blacklist_blacklistedtoken_token_id_3cc7fe56_fk FOREIGN KEY (token_id) REFERENCES public.token_blacklist_outstandingtoken(id) DEFERRABLE INITIALLY DEFERRED;


--
-- Name: token_blacklist_outstandingtoken token_blacklist_outs_user_id_83bc629a_fk_auth_user; Type: FK CONSTRAINT; Schema: public; Owner: postgres
--

ALTER TABLE ONLY public.token_blacklist_outstandingtoken
    ADD CONSTRAINT token_blacklist_outs_user_id_83bc629a_fk_auth_user FOREIGN KEY (user_id) REFERENCES public.auth_user(id) DEFERRABLE INITIALLY DEFERRED;


--
-- Name: wallet_wallettransaction wallet_wallettransaction_job_id_8b52f40e_fk_core_job_id; Type: FK CONSTRAINT; Schema: public; Owner: postgres
--

ALTER TABLE ONLY public.wallet_wallettransaction
    ADD CONSTRAINT wallet_wallettransaction_job_id_8b52f40e_fk_core_job_id FOREIGN KEY (job_id) REFERENCES public.core_job(id) DEFERRABLE INITIALLY DEFERRED;


--
-- Name: wallet_wallettransaction wallet_wallettransaction_user_id_6fe5188a_fk_auth_user_id; Type: FK CONSTRAINT; Schema: public; Owner: postgres
--

ALTER TABLE ONLY public.wallet_wallettransaction
    ADD CONSTRAINT wallet_wallettransaction_user_id_6fe5188a_fk_auth_user_id FOREIGN KEY (user_id) REFERENCES public.auth_user(id) DEFERRABLE INITIALLY DEFERRED;


--
-- PostgreSQL database dump complete
--

